id,prediction
12945,"['Q000000', 'Q000000']"
12946,['+100000']
12947,[1973]
12948,"['Q000000', 'Q000000']"
12949,['Q000000']
12950,['Q000000']
12951,['Q000000']
12952,[1973]
12953,"['Q000000', 'Q000000', 'Q000000']"
12954,[1973]
12955,['Q000000']
12956,['+100000']
12957,[1973]
12958,['Q000000']
12959,['Q000000']
12960,['Q000000']
12961,['Q000000']
12962,"['Q000000', 'Q000000']"
12963,"['Q000000', 'Q000000']"
12964,['Q000000']
12965,"['Q000000', 'Q000000', 'Q000000']"
12966,['Q000000']
12967,['Q000000']
12968,"['Q000000', 'Q000000']"
12969,"['Q000000', 'Q000000']"
12970,[1973]
12971,['Q000000']
12972,"['Q000000', 'Q000000']"
12973,"['Q000000', 'Q000000']"
12974,['Q000000']
12975,"['Q000000', 'Q000000', 'Q000000']"
12976,['Q000000']
12977,['Q000000']
12978,['+100000']
12979,['+100000']
12980,[1973]
12981,['Q000000']
12982,['Q000000']
12983,"['Q000000', 'Q000000', 'Q000000']"
12984,"['Q000000', 'Q000000']"
12985,['Q000000']
12986,"['Q000000', 'Q000000']"
12987,['Q000000']
12988,['+100000']
12989,['Q000000']
12990,"['Q000000', 'Q000000', 'Q000000']"
12991,['Q000000']
12992,"['Q000000', 'Q000000']"
12993,"['Q000000', 'Q000000']"
12994,['Q000000']
12995,['+100000']
12996,[1973]
12997,['+100000']
12998,[1973]
12999,"['Q000000', 'Q000000']"
13000,['+100000']
13001,['Q000000']
13002,['Q000000']
13003,['Q000000']
13004,['Q000000']
13005,"['Q000000', 'Q000000']"
13006,['Q000000']
13007,[1973]
13008,"['Q000000', 'Q000000']"
13009,['Q000000']
13010,"['Q000000', 'Q000000']"
13011,['Q000000']
13012,[1973]
13013,['Q000000']
13014,['+100000']
13015,[1973]
13016,['Q000000']
13017,['Q000000']
13018,[1973]
13019,[1973]
13020,[1973]
13021,[1973]
13022,['Q000000']
13023,"['Q000000', 'Q000000']"
13024,['Q000000']
13025,[1973]
13026,"['Q000000', 'Q000000', 'Q000000']"
13027,['Q000000']
13028,['Q000000']
13029,['Q000000']
13030,['Q000000']
13031,[1973]
13032,"['Q000000', 'Q000000', 'Q000000']"
13033,[1973]
13034,"['Q000000', 'Q000000']"
13035,['Q000000']
13036,[1973]
13037,[1973]
13038,"['Q000000', 'Q000000']"
13039,[1973]
13040,"['Q000000', 'Q000000']"
13041,"['Q000000', 'Q000000']"
13042,"['Q000000', 'Q000000']"
13043,['Q000000']
13044,['Q000000']
13045,['Q000000']
13046,"['Q000000', 'Q000000', 'Q000000']"
13047,['Q000000']
13048,"['Q000000', 'Q000000']"
13049,['+100000']
13050,['Q000000']
13051,"['Q000000', 'Q000000']"
13052,[1973]
13053,['Q000000']
13054,['Q000000']
13055,['Q000000']
13056,['Q000000']
13057,['+100000']
13058,[1973]
13059,"['Q000000', 'Q000000', 'Q000000']"
13060,[1973]
13061,[1973]
13062,['Q000000']
13063,[1973]
13064,"['Q000000', 'Q000000']"
13065,[1973]
13066,[1973]
13067,['Q000000']
13068,['Q000000']
13069,['Q000000']
13070,"['Q000000', 'Q000000']"
13071,[1973]
13072,[1973]
13073,['Q000000']
13074,"['Q000000', 'Q000000']"
13075,"['Q000000', 'Q000000']"
13076,['Q000000']
13077,['Q000000']
13078,['Q000000']
13079,['+100000']
13080,['Q000000']
13081,"['Q000000', 'Q000000']"
13082,[1973]
13083,"['Q000000', 'Q000000']"
13084,['+100000']
13085,['+100000']
13086,['Q000000']
13087,"['Q000000', 'Q000000']"
13088,['Q000000']
13089,['Q000000']
13090,['Q000000']
13091,"['Q000000', 'Q000000', 'Q000000']"
13092,"['Q000000', 'Q000000']"
13093,['Q000000']
13094,['Q000000']
13095,['+100000']
13096,['Q000000']
13097,['Q000000']
13098,"['Q000000', 'Q000000']"
13099,['+100000']
13100,['Q000000']
13101,"['Q000000', 'Q000000', 'Q000000']"
13102,[1973]
13103,['Q000000']
13104,[1973]
13105,"['Q000000', 'Q000000']"
13106,"['Q000000', 'Q000000', 'Q000000']"
13107,"['Q000000', 'Q000000', 'Q000000']"
13108,"['Q000000', 'Q000000']"
13109,['Q000000']
13110,[1973]
13111,['Q000000']
13112,['Q000000']
13113,['Q000000']
13114,"['Q000000', 'Q000000']"
13115,"['Q000000', 'Q000000', 'Q000000']"
13116,['Q000000']
13117,"['Q000000', 'Q000000']"
13118,['Q000000']
13119,"['Q000000', 'Q000000', 'Q000000']"
13120,['Q000000']
13121,"['Q000000', 'Q000000', 'Q000000']"
13122,"['Q000000', 'Q000000']"
13123,['+100000']
13124,['Q000000']
13125,['Q000000']
13126,['Q000000']
13127,['+100000']
13128,[1973]
13129,['Q000000']
13130,"['Q000000', 'Q000000', 'Q000000']"
13131,[1973]
13132,"['Q000000', 'Q000000']"
13133,"['Q000000', 'Q000000']"
13134,['Q000000']
13135,['Q000000']
13136,[1973]
13137,['+100000']
13138,"['Q000000', 'Q000000', 'Q000000']"
13139,['Q000000']
13140,['Q000000']
13141,[1973]
13142,[1973]
13143,[1973]
13144,[1973]
13145,"['Q000000', 'Q000000', 'Q000000']"
13146,['Q000000']
13147,['Q000000']
13148,[1973]
13149,"['Q000000', 'Q000000', 'Q000000']"
13150,['Q000000']
13151,['Q000000']
13152,"['Q000000', 'Q000000', 'Q000000']"
13153,['Q000000']
13154,['Q000000']
13155,"['Q000000', 'Q000000']"
13156,"['Q000000', 'Q000000', 'Q000000']"
13157,"['Q000000', 'Q000000', 'Q000000']"
13158,['Q000000']
13159,[1973]
13160,['Q000000']
13161,['Q000000']
13162,[1973]
13163,"['Q000000', 'Q000000', 'Q000000']"
13164,[1973]
13165,"['Q000000', 'Q000000', 'Q000000']"
13166,"['Q000000', 'Q000000']"
13167,['Q000000']
13168,"['Q000000', 'Q000000']"
13169,['Q000000']
13170,['Q000000']
13171,['+100000']
13172,"['Q000000', 'Q000000']"
13173,[1973]
13174,"['Q000000', 'Q000000', 'Q000000']"
13175,[1973]
13176,"['Q000000', 'Q000000']"
13177,"['Q000000', 'Q000000']"
13178,"['Q000000', 'Q000000']"
13179,['Q000000']
13180,[1973]
13181,['Q000000']
13182,['Q000000']
13183,"['Q000000', 'Q000000', 'Q000000']"
13184,['Q000000']
13185,['+100000']
13186,['+100000']
13187,['+100000']
13188,"['Q000000', 'Q000000']"
13189,['Q000000']
13190,['+100000']
13191,"['Q000000', 'Q000000']"
13192,['+100000']
13193,['+100000']
13194,[1973]
13195,['Q000000']
13196,"['Q000000', 'Q000000']"
13197,[1973]
13198,['Q000000']
13199,['Q000000']
13200,"['Q000000', 'Q000000']"
13201,['+100000']
13202,"['Q000000', 'Q000000', 'Q000000']"
13203,"['Q000000', 'Q000000']"
13204,['Q000000']
13205,"['Q000000', 'Q000000', 'Q000000']"
13206,['+100000']
13207,['Q000000']
13208,"['Q000000', 'Q000000']"
13209,[1973]
13210,[1973]
13211,"['Q000000', 'Q000000', 'Q000000']"
13212,[1973]
13213,"['Q000000', 'Q000000']"
13214,['Q000000']
13215,[1973]
13216,[1973]
13217,[1973]
13218,['+100000']
13219,"['Q000000', 'Q000000']"
13220,"['Q000000', 'Q000000']"
13221,[1973]
13222,"['Q000000', 'Q000000', 'Q000000']"
13223,[1973]
13224,[1973]
13225,[1973]
13226,['Q000000']
13227,"['Q000000', 'Q000000']"
13228,['Q000000']
13229,"['Q000000', 'Q000000']"
13230,['Q000000']
13231,"['Q000000', 'Q000000']"
13232,"['Q000000', 'Q000000']"
13233,['Q000000']
13234,"['Q000000', 'Q000000']"
13235,['Q000000']
13236,['Q000000']
13237,[1973]
13238,"['Q000000', 'Q000000']"
13239,['Q000000']
13240,"['Q000000', 'Q000000']"
13241,[1973]
13242,['Q000000']
13243,"['Q000000', 'Q000000', 'Q000000']"
13244,['Q000000']
13245,['Q000000']
13246,"['Q000000', 'Q000000']"
13247,"['Q000000', 'Q000000']"
13248,"['Q000000', 'Q000000', 'Q000000']"
13249,[1973]
13250,['+100000']
13251,"['Q000000', 'Q000000']"
13252,['Q000000']
13253,[1973]
13254,['Q000000']
13255,"['Q000000', 'Q000000']"
13256,['Q000000']
13257,['Q000000']
13258,['+100000']
13259,[1973]
13260,"['Q000000', 'Q000000', 'Q000000']"
13261,"['Q000000', 'Q000000']"
13262,['Q000000']
13263,['Q000000']
13264,['Q000000']
13265,"['Q000000', 'Q000000']"
13266,[1973]
13267,"['Q000000', 'Q000000', 'Q000000']"
13268,['Q000000']
13269,['+100000']
13270,[1973]
13271,"['Q000000', 'Q000000']"
13272,"['Q000000', 'Q000000', 'Q000000']"
13273,"['Q000000', 'Q000000']"
13274,['Q000000']
13275,"['Q000000', 'Q000000']"
13276,[1973]
13277,['Q000000']
13278,['Q000000']
13279,['Q000000']
13280,['Q000000']
13281,[1973]
13282,[1973]
13283,"['Q000000', 'Q000000']"
13284,['Q000000']
13285,"['Q000000', 'Q000000']"
13286,"['Q000000', 'Q000000']"
13287,['Q000000']
13288,"['Q000000', 'Q000000']"
13289,"['Q000000', 'Q000000']"
13290,"['Q000000', 'Q000000', 'Q000000']"
13291,"['Q000000', 'Q000000', 'Q000000']"
13292,['Q000000']
13293,"['Q000000', 'Q000000']"
13294,"['Q000000', 'Q000000', 'Q000000']"
13295,"['Q000000', 'Q000000']"
13296,[1973]
13297,"['Q000000', 'Q000000', 'Q000000']"
13298,['Q000000']
13299,['Q000000']
13300,"['Q000000', 'Q000000', 'Q000000']"
13301,['Q000000']
13302,"['Q000000', 'Q000000']"
13303,['+100000']
13304,"['Q000000', 'Q000000']"
13305,"['Q000000', 'Q000000']"
13306,"['Q000000', 'Q000000', 'Q000000']"
13307,"['Q000000', 'Q000000']"
13308,"['Q000000', 'Q000000']"
13309,['+100000']
13310,"['Q000000', 'Q000000']"
13311,['+100000']
13312,['+100000']
13313,['Q000000']
13314,['Q000000']
13315,['Q000000']
13316,['Q000000']
13317,['Q000000']
13318,"['Q000000', 'Q000000', 'Q000000']"
13319,['Q000000']
13320,['Q000000']
13321,[1973]
13322,['Q000000']
13323,[1973]
13324,['Q000000']
13325,['Q000000']
13326,"['Q000000', 'Q000000', 'Q000000']"
13327,"['Q000000', 'Q000000', 'Q000000']"
13328,[1973]
13329,[1973]
13330,[1973]
13331,['Q000000']
13332,['Q000000']
13333,[1973]
13334,[1973]
13335,['+100000']
13336,"['Q000000', 'Q000000']"
13337,"['Q000000', 'Q000000']"
13338,[1973]
13339,['Q000000']
13340,['+100000']
13341,[1973]
13342,"['Q000000', 'Q000000']"
13343,[1973]
13344,[1973]
13345,['Q000000']
13346,['+100000']
13347,"['Q000000', 'Q000000']"
13348,[1973]
13349,['Q000000']
13350,[1973]
13351,"['Q000000', 'Q000000']"
13352,['Q000000']
13353,['+100000']
13354,['Q000000']
13355,['Q000000']
13356,['+100000']
13357,['+100000']
13358,"['Q000000', 'Q000000']"
13359,"['Q000000', 'Q000000', 'Q000000']"
13360,"['Q000000', 'Q000000']"
13361,['Q000000']
13362,['Q000000']
13363,"['Q000000', 'Q000000', 'Q000000']"
13364,[1973]
13365,[1973]
13366,[1973]
13367,['Q000000']
13368,"['Q000000', 'Q000000']"
13369,['Q000000']
13370,"['Q000000', 'Q000000']"
13371,"['Q000000', 'Q000000']"
13372,[1973]
13373,"['Q000000', 'Q000000']"
13374,['Q000000']
13375,['Q000000']
13376,[1973]
13377,"['Q000000', 'Q000000', 'Q000000']"
13378,['Q000000']
13379,['Q000000']
13380,[1973]
13381,['Q000000']
13382,[1973]
13383,[1973]
13384,['Q000000']
13385,['Q000000']
13386,['+100000']
13387,"['Q000000', 'Q000000']"
13388,"['Q000000', 'Q000000']"
13389,[1973]
13390,['+100000']
13391,['+100000']
13392,[1973]
13393,"['Q000000', 'Q000000']"
13394,['Q000000']
13395,[1973]
13396,"['Q000000', 'Q000000']"
13397,"['Q000000', 'Q000000']"
13398,['+100000']
13399,['Q000000']
13400,"['Q000000', 'Q000000']"
13401,['Q000000']
13402,"['Q000000', 'Q000000']"
13403,['Q000000']
13404,['Q000000']
13405,['Q000000']
13406,"['Q000000', 'Q000000', 'Q000000']"
13407,[1973]
13408,"['Q000000', 'Q000000']"
13409,['+100000']
13410,"['Q000000', 'Q000000']"
13411,['Q000000']
13412,[1973]
13413,['Q000000']
13414,['+100000']
13415,['Q000000']
13416,['+100000']
13417,['Q000000']
13418,[1973]
13419,"['Q000000', 'Q000000']"
13420,['+100000']
13421,['Q000000']
13422,"['Q000000', 'Q000000']"
13423,['+100000']
13424,"['Q000000', 'Q000000']"
13425,"['Q000000', 'Q000000', 'Q000000']"
13426,"['Q000000', 'Q000000', 'Q000000']"
13427,"['Q000000', 'Q000000']"
13428,"['Q000000', 'Q000000', 'Q000000']"
13429,"['Q000000', 'Q000000']"
13430,['+100000']
13431,['Q000000']
13432,['Q000000']
13433,['+100000']
13434,[1973]
13435,"['Q000000', 'Q000000']"
13436,"['Q000000', 'Q000000', 'Q000000']"
13437,['Q000000']
13438,['Q000000']
13439,"['Q000000', 'Q000000']"
13440,"['Q000000', 'Q000000']"
13441,"['Q000000', 'Q000000']"
13442,['Q000000']
13443,['+100000']
13444,['+100000']
13445,"['Q000000', 'Q000000', 'Q000000']"
13446,"['Q000000', 'Q000000']"
13447,['Q000000']
13448,[1973]
13449,"['Q000000', 'Q000000', 'Q000000']"
13450,['Q000000']
13451,['+100000']
13452,[1973]
13453,['+100000']
13454,[1973]
13455,"['Q000000', 'Q000000', 'Q000000']"
13456,"['Q000000', 'Q000000']"
13457,['+100000']
13458,[1973]
13459,['Q000000']
13460,['Q000000']
13461,"['Q000000', 'Q000000']"
13462,[1973]
13463,['+100000']
13464,['Q000000']
13465,"['Q000000', 'Q000000']"
13466,"['Q000000', 'Q000000']"
13467,['+100000']
13468,[1973]
13469,[1973]
13470,"['Q000000', 'Q000000']"
13471,"['Q000000', 'Q000000']"
13472,['Q000000']
13473,['Q000000']
13474,[1973]
13475,[1973]
13476,['+100000']
13477,['+100000']
13478,"['Q000000', 'Q000000']"
13479,[1973]
13480,['+100000']
13481,[1973]
13482,['Q000000']
13483,"['Q000000', 'Q000000']"
13484,['Q000000']
13485,['+100000']
13486,"['Q000000', 'Q000000', 'Q000000']"
13487,['Q000000']
13488,"['Q000000', 'Q000000', 'Q000000']"
13489,"['Q000000', 'Q000000', 'Q000000']"
13490,"['Q000000', 'Q000000']"
13491,['Q000000']
13492,"['Q000000', 'Q000000', 'Q000000']"
13493,"['Q000000', 'Q000000']"
13494,[1973]
13495,"['Q000000', 'Q000000']"
13496,[1973]
13497,"['Q000000', 'Q000000']"
13498,"['Q000000', 'Q000000']"
13499,[1973]
13500,"['Q000000', 'Q000000']"
13501,['Q000000']
13502,['Q000000']
13503,[1973]
13504,"['Q000000', 'Q000000', 'Q000000']"
13505,[1973]
13506,['Q000000']
13507,['Q000000']
13508,['Q000000']
13509,"['Q000000', 'Q000000']"
13510,"['Q000000', 'Q000000']"
13511,"['Q000000', 'Q000000']"
13512,"['Q000000', 'Q000000']"
13513,['+100000']
13514,['Q000000']
13515,"['Q000000', 'Q000000']"
13516,[1973]
13517,"['Q000000', 'Q000000']"
13518,"['Q000000', 'Q000000', 'Q000000']"
13519,[1973]
13520,['+100000']
13521,['Q000000']
13522,['+100000']
13523,"['Q000000', 'Q000000']"
13524,['Q000000']
13525,"['Q000000', 'Q000000']"
13526,['+100000']
13527,"['Q000000', 'Q000000']"
13528,['Q000000']
13529,"['Q000000', 'Q000000', 'Q000000']"
13530,['Q000000']
13531,['Q000000']
13532,['Q000000']
13533,['Q000000']
13534,['Q000000']
13535,['Q000000']
13536,"['Q000000', 'Q000000', 'Q000000']"
13537,['Q000000']
13538,['Q000000']
13539,[1973]
13540,"['Q000000', 'Q000000']"
13541,"['Q000000', 'Q000000', 'Q000000']"
13542,['Q000000']
13543,['Q000000']
13544,['Q000000']
13545,['Q000000']
13546,['Q000000']
13547,['Q000000']
13548,['Q000000']
13549,['Q000000']
13550,"['Q000000', 'Q000000']"
13551,['Q000000']
13552,"['Q000000', 'Q000000']"
13553,"['Q000000', 'Q000000']"
13554,"['Q000000', 'Q000000', 'Q000000']"
13555,['Q000000']
13556,[1973]
13557,"['Q000000', 'Q000000', 'Q000000']"
13558,['Q000000']
13559,[1973]
13560,['+100000']
13561,['Q000000']
13562,['Q000000']
13563,[1973]
13564,[1973]
13565,['Q000000']
13566,['Q000000']
13567,"['Q000000', 'Q000000']"
13568,"['Q000000', 'Q000000']"
13569,"['Q000000', 'Q000000', 'Q000000']"
13570,"['Q000000', 'Q000000']"
13571,"['Q000000', 'Q000000']"
13572,[1973]
13573,['Q000000']
13574,['Q000000']
13575,[1973]
13576,[1973]
13577,"['Q000000', 'Q000000']"
13578,"['Q000000', 'Q000000']"
13579,['Q000000']
13580,"['Q000000', 'Q000000']"
13581,"['Q000000', 'Q000000']"
13582,['Q000000']
13583,['Q000000']
13584,"['Q000000', 'Q000000']"
13585,['Q000000']
13586,['Q000000']
13587,['Q000000']
13588,['Q000000']
13589,['Q000000']
13590,[1973]
13591,"['Q000000', 'Q000000']"
13592,"['Q000000', 'Q000000', 'Q000000']"
13593,[1973]
13594,"['Q000000', 'Q000000']"
13595,['Q000000']
13596,"['Q000000', 'Q000000']"
13597,"['Q000000', 'Q000000']"
13598,[1973]
13599,"['Q000000', 'Q000000']"
13600,['Q000000']
13601,['Q000000']
13602,"['Q000000', 'Q000000']"
13603,"['Q000000', 'Q000000', 'Q000000']"
13604,"['Q000000', 'Q000000']"
13605,"['Q000000', 'Q000000']"
13606,['+100000']
13607,"['Q000000', 'Q000000', 'Q000000']"
13608,['Q000000']
13609,['Q000000']
13610,['Q000000']
13611,['Q000000']
13612,['Q000000']
13613,['Q000000']
13614,['Q000000']
13615,['Q000000']
13616,[1973]
13617,['Q000000']
13618,"['Q000000', 'Q000000']"
13619,"['Q000000', 'Q000000']"
13620,['+100000']
13621,['Q000000']
13622,"['Q000000', 'Q000000']"
13623,['+100000']
13624,[1973]
13625,[1973]
13626,['Q000000']
13627,['Q000000']
13628,"['Q000000', 'Q000000', 'Q000000']"
13629,['+100000']
13630,"['Q000000', 'Q000000']"
13631,"['Q000000', 'Q000000']"
13632,['Q000000']
13633,[1973]
13634,['Q000000']
13635,['Q000000']
13636,"['Q000000', 'Q000000']"
13637,"['Q000000', 'Q000000']"
13638,['Q000000']
13639,['Q000000']
13640,"['Q000000', 'Q000000', 'Q000000']"
13641,['Q000000']
13642,"['Q000000', 'Q000000']"
13643,['Q000000']
13644,"['Q000000', 'Q000000']"
13645,"['Q000000', 'Q000000']"
13646,['Q000000']
13647,['Q000000']
13648,['Q000000']
13649,['Q000000']
13650,['+100000']
13651,['Q000000']
13652,[1973]
13653,['Q000000']
13654,"['Q000000', 'Q000000', 'Q000000']"
13655,[1973]
13656,"['Q000000', 'Q000000']"
13657,"['Q000000', 'Q000000']"
13658,"['Q000000', 'Q000000']"
13659,['Q000000']
13660,['+100000']
13661,[1973]
13662,['+100000']
13663,['Q000000']
13664,[1973]
13665,['+100000']
13666,['Q000000']
13667,['Q000000']
13668,[1973]
13669,"['Q000000', 'Q000000']"
13670,[1973]
13671,['Q000000']
13672,[1973]
13673,['Q000000']
13674,['Q000000']
13675,['Q000000']
13676,[1973]
13677,"['Q000000', 'Q000000', 'Q000000']"
13678,"['Q000000', 'Q000000']"
13679,"['Q000000', 'Q000000']"
13680,[1973]
13681,"['Q000000', 'Q000000']"
13682,[1973]
13683,"['Q000000', 'Q000000']"
13684,"['Q000000', 'Q000000']"
13685,"['Q000000', 'Q000000']"
13686,['Q000000']
13687,[1973]
13688,"['Q000000', 'Q000000']"
13689,['Q000000']
13690,[1973]
13691,"['Q000000', 'Q000000']"
13692,"['Q000000', 'Q000000']"
13693,['+100000']
13694,"['Q000000', 'Q000000', 'Q000000']"
13695,['Q000000']
13696,['+100000']
13697,"['Q000000', 'Q000000', 'Q000000']"
13698,['Q000000']
13699,['Q000000']
13700,[1973]
13701,"['Q000000', 'Q000000', 'Q000000']"
13702,"['Q000000', 'Q000000']"
13703,[1973]
13704,[1973]
13705,['Q000000']
13706,['Q000000']
13707,['Q000000']
13708,[1973]
13709,['Q000000']
13710,"['Q000000', 'Q000000']"
13711,[1973]
13712,[1973]
13713,['Q000000']
13714,[1973]
13715,['Q000000']
13716,[1973]
13717,['Q000000']
13718,"['Q000000', 'Q000000']"
13719,[1973]
13720,['Q000000']
13721,['Q000000']
13722,[1973]
13723,[1973]
13724,"['Q000000', 'Q000000', 'Q000000']"
13725,"['Q000000', 'Q000000', 'Q000000']"
13726,"['Q000000', 'Q000000']"
13727,['Q000000']
13728,['Q000000']
13729,['Q000000']
13730,['+100000']
13731,"['Q000000', 'Q000000']"
13732,"['Q000000', 'Q000000']"
13733,"['Q000000', 'Q000000']"
13734,['+100000']
13735,['Q000000']
13736,"['Q000000', 'Q000000']"
13737,"['Q000000', 'Q000000']"
13738,"['Q000000', 'Q000000', 'Q000000']"
13739,['Q000000']
13740,[1973]
13741,['+100000']
13742,"['Q000000', 'Q000000']"
13743,"['Q000000', 'Q000000', 'Q000000']"
13744,['+100000']
13745,[1973]
13746,['Q000000']
13747,"['Q000000', 'Q000000']"
13748,"['Q000000', 'Q000000', 'Q000000']"
13749,"['Q000000', 'Q000000']"
13750,[1973]
13751,['+100000']
13752,['+100000']
13753,"['Q000000', 'Q000000']"
13754,['Q000000']
13755,['+100000']
13756,[1973]
13757,['Q000000']
13758,['+100000']
13759,[1973]
13760,"['Q000000', 'Q000000']"
13761,"['Q000000', 'Q000000']"
13762,"['Q000000', 'Q000000']"
13763,['Q000000']
13764,['Q000000']
13765,[1973]
13766,['Q000000']
13767,['Q000000']
13768,"['Q000000', 'Q000000']"
13769,"['Q000000', 'Q000000']"
13770,['+100000']
13771,['Q000000']
13772,['Q000000']
13773,[1973]
13774,"['Q000000', 'Q000000']"
13775,['Q000000']
13776,"['Q000000', 'Q000000']"
13777,['Q000000']
13778,['Q000000']
13779,"['Q000000', 'Q000000']"
13780,"['Q000000', 'Q000000']"
13781,['+100000']
13782,"['Q000000', 'Q000000']"
13783,"['Q000000', 'Q000000']"
13784,"['Q000000', 'Q000000', 'Q000000']"
13785,['Q000000']
13786,"['Q000000', 'Q000000', 'Q000000']"
13787,['Q000000']
13788,['+100000']
13789,['Q000000']
13790,"['Q000000', 'Q000000']"
13791,['Q000000']
13792,['+100000']
13793,"['Q000000', 'Q000000']"
13794,"['Q000000', 'Q000000']"
13795,['Q000000']
13796,[1973]
13797,['Q000000']
13798,[1973]
13799,['Q000000']
13800,['Q000000']
13801,['Q000000']
13802,"['Q000000', 'Q000000']"
13803,"['Q000000', 'Q000000']"
13804,['Q000000']
13805,[1973]
13806,"['Q000000', 'Q000000']"
13807,"['Q000000', 'Q000000']"
13808,"['Q000000', 'Q000000']"
13809,"['Q000000', 'Q000000']"
13810,"['Q000000', 'Q000000']"
13811,['Q000000']
13812,['Q000000']
13813,[1973]
13814,['+100000']
13815,"['Q000000', 'Q000000']"
13816,['Q000000']
13817,"['Q000000', 'Q000000', 'Q000000']"
13818,"['Q000000', 'Q000000']"
13819,['Q000000']
13820,['Q000000']
13821,[1973]
13822,"['Q000000', 'Q000000', 'Q000000']"
13823,['Q000000']
13824,['Q000000']
13825,['Q000000']
13826,"['Q000000', 'Q000000', 'Q000000']"
13827,['Q000000']
13828,['Q000000']
13829,[1973]
13830,['Q000000']
13831,"['Q000000', 'Q000000', 'Q000000']"
13832,['Q000000']
13833,['Q000000']
13834,['Q000000']
13835,[1973]
13836,[1973]
13837,[1973]
13838,"['Q000000', 'Q000000']"
13839,"['Q000000', 'Q000000', 'Q000000']"
13840,['Q000000']
13841,['Q000000']
13842,[1973]
13843,['Q000000']
13844,['Q000000']
13845,['Q000000']
13846,['Q000000']
13847,['Q000000']
13848,"['Q000000', 'Q000000']"
13849,"['Q000000', 'Q000000']"
13850,[1973]
13851,[1973]
13852,['Q000000']
13853,['Q000000']
13854,"['Q000000', 'Q000000']"
13855,"['Q000000', 'Q000000']"
13856,['Q000000']
13857,"['Q000000', 'Q000000', 'Q000000']"
13858,"['Q000000', 'Q000000']"
13859,"['Q000000', 'Q000000']"
13860,"['Q000000', 'Q000000']"
13861,['Q000000']
13862,['+100000']
13863,[1973]
13864,['Q000000']
13865,[1973]
13866,"['Q000000', 'Q000000']"
13867,[1973]
13868,[1973]
13869,"['Q000000', 'Q000000']"
13870,['Q000000']
13871,['Q000000']
13872,"['Q000000', 'Q000000']"
13873,"['Q000000', 'Q000000', 'Q000000']"
13874,['Q000000']
13875,['Q000000']
13876,[1973]
13877,['+100000']
13878,"['Q000000', 'Q000000']"
13879,['Q000000']
13880,['Q000000']
13881,['Q000000']
13882,['+100000']
13883,['Q000000']
13884,"['Q000000', 'Q000000']"
13885,['Q000000']
13886,"['Q000000', 'Q000000']"
13887,"['Q000000', 'Q000000', 'Q000000']"
13888,[1973]
13889,['Q000000']
13890,['Q000000']
13891,['Q000000']
13892,['+100000']
13893,[1973]
13894,"['Q000000', 'Q000000']"
13895,"['Q000000', 'Q000000', 'Q000000']"
13896,"['Q000000', 'Q000000', 'Q000000']"
13897,['Q000000']
13898,['+100000']
13899,"['Q000000', 'Q000000']"
13900,"['Q000000', 'Q000000']"
13901,"['Q000000', 'Q000000']"
13902,['Q000000']
13903,['Q000000']
13904,[1973]
13905,['Q000000']
13906,"['Q000000', 'Q000000', 'Q000000']"
13907,['Q000000']
13908,"['Q000000', 'Q000000']"
13909,['Q000000']
13910,"['Q000000', 'Q000000']"
13911,[1973]
13912,['Q000000']
13913,"['Q000000', 'Q000000']"
13914,"['Q000000', 'Q000000']"
13915,"['Q000000', 'Q000000', 'Q000000']"
13916,['+100000']
13917,[1973]
13918,['Q000000']
13919,['Q000000']
13920,['Q000000']
13921,"['Q000000', 'Q000000']"
13922,['Q000000']
13923,"['Q000000', 'Q000000']"
13924,"['Q000000', 'Q000000']"
13925,['Q000000']
13926,[1973]
13927,['Q000000']
13928,['Q000000']
13929,[1973]
13930,"['Q000000', 'Q000000']"
13931,"['Q000000', 'Q000000', 'Q000000']"
13932,"['Q000000', 'Q000000']"
13933,['Q000000']
13934,[1973]
13935,[1973]
13936,"['Q000000', 'Q000000', 'Q000000']"
13937,['Q000000']
13938,"['Q000000', 'Q000000']"
13939,"['Q000000', 'Q000000']"
13940,['Q000000']
13941,['+100000']
13942,['Q000000']
13943,['+100000']
13944,"['Q000000', 'Q000000']"
13945,['Q000000']
13946,"['Q000000', 'Q000000']"
13947,[1973]
13948,[1973]
13949,[1973]
13950,"['Q000000', 'Q000000', 'Q000000']"
13951,"['Q000000', 'Q000000', 'Q000000']"
13952,[1973]
13953,['Q000000']
13954,"['Q000000', 'Q000000']"
13955,['Q000000']
13956,['+100000']
13957,['+100000']
13958,['Q000000']
13959,[1973]
13960,['+100000']
13961,['Q000000']
13962,"['Q000000', 'Q000000']"
13963,['+100000']
13964,['Q000000']
13965,"['Q000000', 'Q000000', 'Q000000']"
13966,['Q000000']
13967,['+100000']
13968,['+100000']
13969,['+100000']
13970,"['Q000000', 'Q000000']"
13971,[1973]
13972,[1973]
13973,['Q000000']
13974,[1973]
13975,['Q000000']
13976,"['Q000000', 'Q000000']"
13977,['Q000000']
13978,['Q000000']
13979,['Q000000']
13980,"['Q000000', 'Q000000', 'Q000000']"
13981,['Q000000']
13982,[1973]
13983,['Q000000']
13984,['Q000000']
13985,"['Q000000', 'Q000000']"
13986,[1973]
13987,['Q000000']
13988,"['Q000000', 'Q000000', 'Q000000']"
13989,[1973]
13990,"['Q000000', 'Q000000', 'Q000000']"
13991,['Q000000']
13992,['Q000000']
13993,[1973]
13994,['Q000000']
13995,[1973]
13996,"['Q000000', 'Q000000']"
13997,['+100000']
13998,[1973]
13999,['+100000']
14000,"['Q000000', 'Q000000']"
14001,[1973]
14002,"['Q000000', 'Q000000']"
14003,"['Q000000', 'Q000000']"
14004,"['Q000000', 'Q000000', 'Q000000']"
14005,[1973]
14006,['+100000']
14007,[1973]
14008,"['Q000000', 'Q000000']"
14009,"['Q000000', 'Q000000']"
14010,[1973]
14011,['Q000000']
14012,['Q000000']
14013,"['Q000000', 'Q000000']"
14014,['Q000000']
14015,['Q000000']
14016,['Q000000']
14017,['Q000000']
14018,['Q000000']
14019,['+100000']
14020,"['Q000000', 'Q000000']"
14021,"['Q000000', 'Q000000']"
14022,"['Q000000', 'Q000000', 'Q000000']"
14023,['Q000000']
14024,['+100000']
14025,[1973]
14026,['Q000000']
14027,"['Q000000', 'Q000000']"
14028,[1973]
14029,['+100000']
14030,"['Q000000', 'Q000000']"
14031,"['Q000000', 'Q000000', 'Q000000']"
14032,['Q000000']
14033,['+100000']
14034,['Q000000']
14035,['+100000']
14036,"['Q000000', 'Q000000', 'Q000000']"
14037,"['Q000000', 'Q000000', 'Q000000']"
14038,"['Q000000', 'Q000000']"
14039,['Q000000']
14040,['Q000000']
14041,['Q000000']
14042,['Q000000']
14043,[1973]
14044,"['Q000000', 'Q000000']"
14045,['Q000000']
14046,['+100000']
14047,[1973]
14048,['+100000']
14049,['+100000']
14050,['Q000000']
14051,"['Q000000', 'Q000000']"
14052,[1973]
14053,"['Q000000', 'Q000000', 'Q000000']"
14054,['Q000000']
14055,[1973]
14056,['Q000000']
14057,['Q000000']
14058,"['Q000000', 'Q000000']"
14059,"['Q000000', 'Q000000']"
14060,"['Q000000', 'Q000000']"
14061,['Q000000']
14062,[1973]
14063,['Q000000']
14064,['Q000000']
14065,[1973]
14066,['+100000']
14067,[1973]
14068,[1973]
14069,"['Q000000', 'Q000000', 'Q000000']"
14070,"['Q000000', 'Q000000']"
14071,['Q000000']
14072,"['Q000000', 'Q000000']"
14073,"['Q000000', 'Q000000']"
14074,['Q000000']
14075,[1973]
14076,"['Q000000', 'Q000000']"
14077,['Q000000']
14078,['Q000000']
14079,"['Q000000', 'Q000000', 'Q000000']"
14080,['Q000000']
14081,[1973]
14082,"['Q000000', 'Q000000']"
14083,"['Q000000', 'Q000000']"
14084,"['Q000000', 'Q000000']"
14085,[1973]
14086,['Q000000']
14087,"['Q000000', 'Q000000', 'Q000000']"
14088,"['Q000000', 'Q000000']"
14089,['Q000000']
14090,[1973]
14091,[1973]
14092,"['Q000000', 'Q000000', 'Q000000']"
14093,[1973]
14094,[1973]
14095,[1973]
14096,[1973]
14097,"['Q000000', 'Q000000', 'Q000000']"
14098,"['Q000000', 'Q000000', 'Q000000']"
14099,"['Q000000', 'Q000000', 'Q000000']"
14100,[1973]
14101,['Q000000']
14102,[1973]
14103,[1973]
14104,['Q000000']
14105,[1973]
14106,['Q000000']
14107,['Q000000']
14108,[1973]
14109,['Q000000']
14110,[1973]
14111,[1973]
14112,"['Q000000', 'Q000000']"
14113,['Q000000']
14114,['Q000000']
14115,"['Q000000', 'Q000000', 'Q000000']"
14116,['+100000']
14117,"['Q000000', 'Q000000', 'Q000000']"
14118,['Q000000']
14119,"['Q000000', 'Q000000', 'Q000000']"
14120,"['Q000000', 'Q000000']"
14121,[1973]
14122,['Q000000']
14123,[1973]
14124,"['Q000000', 'Q000000']"
14125,['+100000']
14126,['Q000000']
14127,"['Q000000', 'Q000000', 'Q000000']"
14128,['+100000']
14129,['Q000000']
14130,['+100000']
14131,"['Q000000', 'Q000000', 'Q000000']"
14132,['Q000000']
14133,['Q000000']
14134,[1973]
14135,['Q000000']
14136,"['Q000000', 'Q000000']"
14137,['Q000000']
14138,"['Q000000', 'Q000000', 'Q000000']"
14139,['Q000000']
14140,[1973]
14141,['+100000']
14142,['+100000']
14143,[1973]
14144,['Q000000']
14145,[1973]
14146,['Q000000']
14147,['Q000000']
14148,['Q000000']
14149,"['Q000000', 'Q000000']"
14150,[1973]
14151,"['Q000000', 'Q000000', 'Q000000']"
14152,"['Q000000', 'Q000000']"
14153,['Q000000']
14154,['+100000']
14155,"['Q000000', 'Q000000']"
14156,"['Q000000', 'Q000000']"
14157,['Q000000']
14158,[1973]
14159,"['Q000000', 'Q000000', 'Q000000']"
14160,['Q000000']
14161,['Q000000']
14162,"['Q000000', 'Q000000', 'Q000000']"
14163,"['Q000000', 'Q000000', 'Q000000']"
14164,['Q000000']
14165,['+100000']
14166,['Q000000']
14167,"['Q000000', 'Q000000']"
14168,['+100000']
14169,"['Q000000', 'Q000000']"
14170,"['Q000000', 'Q000000', 'Q000000']"
14171,"['Q000000', 'Q000000']"
14172,['Q000000']
14173,['+100000']
14174,"['Q000000', 'Q000000']"
14175,[1973]
14176,['Q000000']
14177,['Q000000']
14178,['Q000000']
14179,"['Q000000', 'Q000000', 'Q000000']"
14180,"['Q000000', 'Q000000']"
14181,[1973]
14182,"['Q000000', 'Q000000']"
14183,['+100000']
14184,['Q000000']
14185,[1973]
14186,[1973]
14187,[1973]
14188,[1973]
14189,[1973]
14190,"['Q000000', 'Q000000', 'Q000000']"
14191,['Q000000']
14192,['Q000000']
14193,['+100000']
14194,"['Q000000', 'Q000000', 'Q000000']"
14195,[1973]
14196,"['Q000000', 'Q000000']"
14197,['Q000000']
14198,['Q000000']
14199,"['Q000000', 'Q000000', 'Q000000']"
14200,"['Q000000', 'Q000000']"
14201,['Q000000']
14202,"['Q000000', 'Q000000']"
14203,['Q000000']
14204,"['Q000000', 'Q000000']"
14205,['Q000000']
14206,[1973]
14207,['Q000000']
14208,"['Q000000', 'Q000000']"
14209,['Q000000']
14210,['Q000000']
14211,"['Q000000', 'Q000000']"
14212,"['Q000000', 'Q000000']"
14213,"['Q000000', 'Q000000', 'Q000000']"
14214,['Q000000']
14215,"['Q000000', 'Q000000', 'Q000000']"
14216,[1973]
14217,[1973]
14218,['Q000000']
14219,"['Q000000', 'Q000000']"
14220,['Q000000']
14221,['Q000000']
14222,['+100000']
14223,['Q000000']
14224,"['Q000000', 'Q000000']"
14225,"['Q000000', 'Q000000', 'Q000000']"
14226,[1973]
14227,"['Q000000', 'Q000000']"
14228,['Q000000']
14229,['Q000000']
14230,"['Q000000', 'Q000000']"
14231,['Q000000']
14232,"['Q000000', 'Q000000']"
14233,['Q000000']
14234,['Q000000']
14235,"['Q000000', 'Q000000']"
14236,['Q000000']
14237,"['Q000000', 'Q000000']"
14238,"['Q000000', 'Q000000', 'Q000000']"
14239,[1973]
14240,['Q000000']
14241,['Q000000']
14242,['Q000000']
14243,"['Q000000', 'Q000000', 'Q000000']"
14244,[1973]
14245,['Q000000']
14246,['+100000']
14247,['Q000000']
14248,"['Q000000', 'Q000000']"
14249,[1973]
14250,[1973]
14251,[1973]
14252,[1973]
14253,['Q000000']
14254,[1973]
14255,['Q000000']
14256,[1973]
14257,"['Q000000', 'Q000000']"
14258,[1973]
14259,"['Q000000', 'Q000000']"
14260,"['Q000000', 'Q000000', 'Q000000']"
14261,"['Q000000', 'Q000000']"
14262,[1973]
14263,['Q000000']
14264,['Q000000']
14265,['Q000000']
14266,['Q000000']
14267,[1973]
14268,['Q000000']
14269,['+100000']
14270,['Q000000']
14271,['Q000000']
14272,[1973]
14273,"['Q000000', 'Q000000', 'Q000000']"
14274,"['Q000000', 'Q000000']"
14275,"['Q000000', 'Q000000']"
14276,[1973]
14277,['Q000000']
14278,['+100000']
14279,['+100000']
14280,"['Q000000', 'Q000000', 'Q000000']"
14281,['Q000000']
14282,"['Q000000', 'Q000000', 'Q000000']"
14283,['Q000000']
14284,['Q000000']
14285,['Q000000']
14286,"['Q000000', 'Q000000']"
14287,[1973]
14288,[1973]
14289,[1973]
14290,"['Q000000', 'Q000000']"
14291,['Q000000']
14292,"['Q000000', 'Q000000']"
14293,['+100000']
14294,['Q000000']
14295,[1973]
14296,"['Q000000', 'Q000000']"
14297,"['Q000000', 'Q000000']"
14298,[1973]
14299,"['Q000000', 'Q000000']"
14300,[1973]
14301,['+100000']
14302,"['Q000000', 'Q000000']"
14303,['Q000000']
14304,"['Q000000', 'Q000000']"
14305,['+100000']
14306,['Q000000']
14307,"['Q000000', 'Q000000', 'Q000000']"
14308,"['Q000000', 'Q000000', 'Q000000']"
14309,[1973]
14310,['Q000000']
14311,[1973]
14312,['+100000']
14313,['Q000000']
14314,['Q000000']
14315,['+100000']
14316,['Q000000']
14317,[1973]
14318,"['Q000000', 'Q000000']"
14319,['Q000000']
14320,[1973]
14321,"['Q000000', 'Q000000']"
14322,"['Q000000', 'Q000000']"
14323,"['Q000000', 'Q000000']"
14324,"['Q000000', 'Q000000']"
14325,['Q000000']
14326,"['Q000000', 'Q000000']"
14327,['+100000']
14328,['Q000000']
14329,"['Q000000', 'Q000000', 'Q000000']"
14330,['Q000000']
14331,[1973]
14332,['Q000000']
14333,['+100000']
14334,"['Q000000', 'Q000000']"
14335,['Q000000']
14336,['Q000000']
14337,['Q000000']
14338,"['Q000000', 'Q000000']"
14339,['Q000000']
14340,[1973]
14341,"['Q000000', 'Q000000']"
14342,['Q000000']
14343,"['Q000000', 'Q000000', 'Q000000']"
14344,[1973]
14345,['Q000000']
14346,['Q000000']
14347,['Q000000']
14348,[1973]
14349,"['Q000000', 'Q000000', 'Q000000']"
14350,"['Q000000', 'Q000000']"
14351,[1973]
14352,[1973]
14353,"['Q000000', 'Q000000']"
14354,[1973]
14355,['Q000000']
14356,['Q000000']
14357,['Q000000']
14358,['Q000000']
14359,"['Q000000', 'Q000000']"
14360,['+100000']
14361,['Q000000']
14362,['Q000000']
14363,"['Q000000', 'Q000000']"
14364,['+100000']
14365,['Q000000']
14366,"['Q000000', 'Q000000']"
14367,['Q000000']
14368,['Q000000']
14369,['+100000']
14370,['+100000']
14371,['Q000000']
14372,['+100000']
14373,"['Q000000', 'Q000000', 'Q000000']"
14374,[1973]
14375,"['Q000000', 'Q000000']"
14376,"['Q000000', 'Q000000']"
14377,"['Q000000', 'Q000000']"
14378,"['Q000000', 'Q000000', 'Q000000']"
14379,['Q000000']
14380,['Q000000']
14381,['Q000000']
14382,[1973]
14383,['Q000000']
14384,"['Q000000', 'Q000000', 'Q000000']"
14385,['+100000']
14386,['Q000000']
14387,"['Q000000', 'Q000000', 'Q000000']"
14388,"['Q000000', 'Q000000']"
14389,[1973]
14390,['Q000000']
14391,"['Q000000', 'Q000000', 'Q000000']"
14392,[1973]
14393,['+100000']
14394,"['Q000000', 'Q000000', 'Q000000']"
14395,"['Q000000', 'Q000000']"
14396,"['Q000000', 'Q000000', 'Q000000']"
14397,[1973]
14398,"['Q000000', 'Q000000']"
14399,['Q000000']
14400,['+100000']
14401,"['Q000000', 'Q000000', 'Q000000']"
14402,"['Q000000', 'Q000000', 'Q000000']"
14403,['Q000000']
14404,"['Q000000', 'Q000000', 'Q000000']"
14405,"['Q000000', 'Q000000']"
14406,"['Q000000', 'Q000000', 'Q000000']"
14407,['Q000000']
14408,"['Q000000', 'Q000000', 'Q000000']"
14409,['+100000']
14410,['Q000000']
14411,['+100000']
14412,"['Q000000', 'Q000000']"
14413,[1973]
14414,[1973]
14415,"['Q000000', 'Q000000']"
14416,[1973]
14417,[1973]
14418,"['Q000000', 'Q000000']"
14419,['Q000000']
14420,"['Q000000', 'Q000000', 'Q000000']"
14421,[1973]
14422,[1973]
14423,[1973]
14424,"['Q000000', 'Q000000']"
14425,[1973]
14426,['Q000000']
14427,"['Q000000', 'Q000000']"
14428,['Q000000']
14429,['Q000000']
14430,"['Q000000', 'Q000000']"
14431,"['Q000000', 'Q000000']"
14432,"['Q000000', 'Q000000', 'Q000000']"
14433,"['Q000000', 'Q000000']"
14434,"['Q000000', 'Q000000']"
14435,['Q000000']
14436,"['Q000000', 'Q000000']"
14437,['Q000000']
14438,['Q000000']
14439,"['Q000000', 'Q000000', 'Q000000']"
14440,"['Q000000', 'Q000000', 'Q000000']"
14441,"['Q000000', 'Q000000', 'Q000000']"
14442,"['Q000000', 'Q000000']"
14443,"['Q000000', 'Q000000']"
14444,[1973]
14445,"['Q000000', 'Q000000']"
14446,"['Q000000', 'Q000000']"
14447,['Q000000']
14448,['Q000000']
14449,"['Q000000', 'Q000000']"
14450,"['Q000000', 'Q000000']"
14451,"['Q000000', 'Q000000']"
14452,"['Q000000', 'Q000000']"
14453,"['Q000000', 'Q000000', 'Q000000']"
14454,[1973]
14455,[1973]
14456,[1973]
14457,['+100000']
14458,['Q000000']
14459,['Q000000']
14460,['Q000000']
14461,"['Q000000', 'Q000000', 'Q000000']"
14462,[1973]
14463,['Q000000']
14464,['+100000']
14465,['Q000000']
14466,['+100000']
14467,"['Q000000', 'Q000000']"
14468,['Q000000']
14469,"['Q000000', 'Q000000']"
14470,['Q000000']
14471,['Q000000']
14472,['Q000000']
14473,[1973]
14474,"['Q000000', 'Q000000']"
14475,['Q000000']
14476,"['Q000000', 'Q000000', 'Q000000']"
14477,[1973]
14478,['Q000000']
14479,"['Q000000', 'Q000000']"
14480,['Q000000']
14481,['Q000000']
14482,"['Q000000', 'Q000000', 'Q000000']"
14483,['Q000000']
14484,"['Q000000', 'Q000000']"
14485,[1973]
14486,['Q000000']
14487,"['Q000000', 'Q000000']"
14488,['Q000000']
14489,['+100000']
14490,"['Q000000', 'Q000000']"
14491,[1973]
14492,"['Q000000', 'Q000000']"
14493,['Q000000']
14494,"['Q000000', 'Q000000', 'Q000000']"
14495,['+100000']
14496,"['Q000000', 'Q000000', 'Q000000']"
14497,[1973]
14498,[1973]
14499,['Q000000']
14500,['Q000000']
14501,"['Q000000', 'Q000000', 'Q000000']"
14502,"['Q000000', 'Q000000']"
14503,[1973]
14504,['+100000']
14505,"['Q000000', 'Q000000']"
14506,['Q000000']
14507,[1973]
14508,['Q000000']
14509,[1973]
14510,"['Q000000', 'Q000000']"
14511,"['Q000000', 'Q000000', 'Q000000']"
14512,['Q000000']
14513,"['Q000000', 'Q000000', 'Q000000']"
14514,"['Q000000', 'Q000000']"
14515,"['Q000000', 'Q000000']"
14516,['Q000000']
14517,[1973]
14518,[1973]
14519,['Q000000']
14520,['Q000000']
14521,['Q000000']
14522,"['Q000000', 'Q000000', 'Q000000']"
14523,"['Q000000', 'Q000000', 'Q000000']"
14524,"['Q000000', 'Q000000']"
14525,['Q000000']
14526,"['Q000000', 'Q000000']"
14527,"['Q000000', 'Q000000']"
14528,"['Q000000', 'Q000000']"
14529,['+100000']
14530,['Q000000']
14531,"['Q000000', 'Q000000', 'Q000000']"
14532,"['Q000000', 'Q000000']"
14533,"['Q000000', 'Q000000']"
14534,[1973]
14535,"['Q000000', 'Q000000', 'Q000000']"
14536,['+100000']
14537,['Q000000']
14538,['Q000000']
14539,[1973]
14540,"['Q000000', 'Q000000']"
14541,['Q000000']
14542,['Q000000']
14543,['Q000000']
14544,[1973]
14545,['Q000000']
14546,['Q000000']
14547,['Q000000']
14548,"['Q000000', 'Q000000']"
14549,['Q000000']
14550,"['Q000000', 'Q000000']"
14551,['Q000000']
14552,[1973]
14553,['Q000000']
14554,"['Q000000', 'Q000000']"
14555,[1973]
14556,"['Q000000', 'Q000000', 'Q000000']"
14557,"['Q000000', 'Q000000']"
14558,['Q000000']
14559,['Q000000']
14560,"['Q000000', 'Q000000', 'Q000000']"
14561,['+100000']
14562,"['Q000000', 'Q000000', 'Q000000']"
14563,"['Q000000', 'Q000000']"
14564,[1973]
14565,"['Q000000', 'Q000000']"
14566,['Q000000']
14567,"['Q000000', 'Q000000']"
14568,['+100000']
14569,['Q000000']
14570,"['Q000000', 'Q000000', 'Q000000']"
14571,['Q000000']
14572,"['Q000000', 'Q000000']"
14573,['Q000000']
14574,"['Q000000', 'Q000000']"
14575,[1973]
14576,['Q000000']
14577,"['Q000000', 'Q000000', 'Q000000']"
14578,[1973]
14579,['+100000']
14580,['Q000000']
14581,"['Q000000', 'Q000000']"
14582,['Q000000']
14583,['+100000']
14584,['+100000']
14585,"['Q000000', 'Q000000']"
14586,[1973]
14587,"['Q000000', 'Q000000']"
14588,"['Q000000', 'Q000000', 'Q000000']"
14589,['Q000000']
14590,[1973]
14591,['Q000000']
14592,[1973]
14593,[1973]
14594,[1973]
14595,['Q000000']
14596,['Q000000']
14597,['Q000000']
14598,"['Q000000', 'Q000000']"
14599,['Q000000']
14600,['+100000']
14601,"['Q000000', 'Q000000']"
14602,['Q000000']
14603,"['Q000000', 'Q000000']"
14604,"['Q000000', 'Q000000']"
14605,"['Q000000', 'Q000000', 'Q000000']"
14606,"['Q000000', 'Q000000']"
14607,['+100000']
14608,"['Q000000', 'Q000000']"
14609,['+100000']
14610,[1973]
14611,['Q000000']
14612,['+100000']
14613,['Q000000']
14614,[1973]
14615,"['Q000000', 'Q000000']"
14616,[1973]
14617,[1973]
14618,[1973]
14619,[1973]
14620,['Q000000']
14621,['Q000000']
14622,"['Q000000', 'Q000000']"
14623,['Q000000']
14624,"['Q000000', 'Q000000', 'Q000000']"
14625,['Q000000']
14626,['+100000']
14627,"['Q000000', 'Q000000', 'Q000000']"
14628,[1973]
14629,['Q000000']
14630,[1973]
14631,['+100000']
14632,"['Q000000', 'Q000000']"
14633,"['Q000000', 'Q000000', 'Q000000']"
14634,[1973]
14635,['Q000000']
14636,"['Q000000', 'Q000000']"
14637,"['Q000000', 'Q000000']"
14638,['Q000000']
14639,"['Q000000', 'Q000000']"
14640,['Q000000']
14641,['Q000000']
14642,['Q000000']
14643,['+100000']
14644,"['Q000000', 'Q000000']"
14645,['+100000']
14646,"['Q000000', 'Q000000']"
14647,['Q000000']
14648,"['Q000000', 'Q000000']"
14649,"['Q000000', 'Q000000']"
14650,['Q000000']
14651,"['Q000000', 'Q000000', 'Q000000']"
14652,['Q000000']
14653,"['Q000000', 'Q000000', 'Q000000']"
14654,"['Q000000', 'Q000000', 'Q000000']"
14655,['Q000000']
14656,['Q000000']
14657,[1973]
14658,"['Q000000', 'Q000000']"
14659,['Q000000']
14660,['+100000']
14661,['Q000000']
14662,"['Q000000', 'Q000000', 'Q000000']"
14663,['+100000']
14664,['Q000000']
14665,['Q000000']
14666,['Q000000']
14667,['Q000000']
14668,['Q000000']
14669,"['Q000000', 'Q000000', 'Q000000']"
14670,['Q000000']
14671,"['Q000000', 'Q000000']"
14672,['+100000']
14673,[1973]
14674,"['Q000000', 'Q000000', 'Q000000']"
14675,['Q000000']
14676,"['Q000000', 'Q000000', 'Q000000']"
14677,"['Q000000', 'Q000000']"
14678,"['Q000000', 'Q000000']"
14679,['Q000000']
14680,[1973]
14681,"['Q000000', 'Q000000']"
14682,['Q000000']
14683,"['Q000000', 'Q000000']"
14684,"['Q000000', 'Q000000']"
14685,[1973]
14686,[1973]
14687,[1973]
14688,['Q000000']
14689,"['Q000000', 'Q000000']"
14690,"['Q000000', 'Q000000']"
14691,['Q000000']
14692,['Q000000']
14693,[1973]
14694,['Q000000']
14695,"['Q000000', 'Q000000']"
14696,['Q000000']
14697,['Q000000']
14698,['Q000000']
14699,['+100000']
14700,[1973]
14701,['+100000']
14702,"['Q000000', 'Q000000']"
14703,['Q000000']
14704,"['Q000000', 'Q000000']"
14705,"['Q000000', 'Q000000']"
14706,[1973]
14707,['Q000000']
14708,"['Q000000', 'Q000000']"
14709,['Q000000']
14710,['Q000000']
14711,[1973]
14712,"['Q000000', 'Q000000']"
14713,"['Q000000', 'Q000000']"
14714,"['Q000000', 'Q000000']"
14715,"['Q000000', 'Q000000']"
14716,[1973]
14717,[1973]
14718,['+100000']
14719,[1973]
14720,['Q000000']
14721,"['Q000000', 'Q000000', 'Q000000']"
14722,"['Q000000', 'Q000000']"
14723,['Q000000']
14724,[1973]
14725,['Q000000']
14726,['+100000']
14727,"['Q000000', 'Q000000']"
14728,"['Q000000', 'Q000000', 'Q000000']"
14729,"['Q000000', 'Q000000', 'Q000000']"
14730,[1973]
14731,"['Q000000', 'Q000000', 'Q000000']"
14732,"['Q000000', 'Q000000', 'Q000000']"
14733,['Q000000']
14734,"['Q000000', 'Q000000']"
14735,['Q000000']
14736,[1973]
14737,"['Q000000', 'Q000000']"
14738,"['Q000000', 'Q000000', 'Q000000']"
14739,['Q000000']
14740,['Q000000']
14741,[1973]
14742,['Q000000']
14743,['Q000000']
14744,['Q000000']
14745,['+100000']
14746,[1973]
14747,"['Q000000', 'Q000000']"
14748,['Q000000']
14749,['Q000000']
14750,[1973]
14751,"['Q000000', 'Q000000', 'Q000000']"
14752,['Q000000']
14753,['Q000000']
14754,['Q000000']
14755,"['Q000000', 'Q000000', 'Q000000']"
14756,[1973]
14757,['Q000000']
14758,['Q000000']
14759,['Q000000']
14760,['+100000']
14761,['Q000000']
14762,[1973]
14763,"['Q000000', 'Q000000', 'Q000000']"
14764,"['Q000000', 'Q000000']"
14765,['Q000000']
14766,['Q000000']
14767,"['Q000000', 'Q000000', 'Q000000']"
14768,[1973]
14769,"['Q000000', 'Q000000', 'Q000000']"
14770,"['Q000000', 'Q000000']"
14771,['Q000000']
14772,['+100000']
14773,[1973]
14774,['Q000000']
14775,['+100000']
14776,"['Q000000', 'Q000000', 'Q000000']"
14777,"['Q000000', 'Q000000']"
14778,[1973]
14779,[1973]
14780,"['Q000000', 'Q000000', 'Q000000']"
14781,['Q000000']
14782,['Q000000']
14783,['+100000']
14784,['Q000000']
14785,"['Q000000', 'Q000000']"
14786,"['Q000000', 'Q000000']"
14787,"['Q000000', 'Q000000']"
14788,"['Q000000', 'Q000000', 'Q000000']"
14789,['+100000']
14790,['Q000000']
14791,['Q000000']
14792,['Q000000']
14793,[1973]
14794,"['Q000000', 'Q000000', 'Q000000']"
14795,['Q000000']
14796,[1973]
14797,[1973]
14798,[1973]
14799,['+100000']
14800,['Q000000']
14801,[1973]
14802,"['Q000000', 'Q000000']"
14803,[1973]
14804,[1973]
14805,[1973]
14806,"['Q000000', 'Q000000', 'Q000000']"
14807,['Q000000']
14808,"['Q000000', 'Q000000']"
14809,['+100000']
14810,['+100000']
14811,['Q000000']
14812,['Q000000']
14813,['Q000000']
14814,[1973]
14815,[1973]
14816,['Q000000']
14817,"['Q000000', 'Q000000']"
14818,[1973]
14819,[1973]
14820,"['Q000000', 'Q000000']"
14821,"['Q000000', 'Q000000']"
14822,"['Q000000', 'Q000000']"
14823,['Q000000']
14824,"['Q000000', 'Q000000']"
14825,"['Q000000', 'Q000000', 'Q000000']"
14826,[1973]
14827,"['Q000000', 'Q000000', 'Q000000']"
14828,[1973]
14829,['Q000000']
14830,"['Q000000', 'Q000000']"
14831,['Q000000']
14832,['Q000000']
14833,[1973]
14834,['+100000']
14835,['Q000000']
14836,"['Q000000', 'Q000000']"
14837,[1973]
14838,['Q000000']
14839,"['Q000000', 'Q000000']"
14840,[1973]
14841,"['Q000000', 'Q000000', 'Q000000']"
14842,['Q000000']
14843,"['Q000000', 'Q000000']"
14844,[1973]
14845,"['Q000000', 'Q000000']"
14846,['Q000000']
14847,[1973]
14848,['Q000000']
14849,[1973]
14850,['Q000000']
14851,['+100000']
14852,"['Q000000', 'Q000000']"
14853,['Q000000']
14854,['Q000000']
14855,['Q000000']
14856,[1973]
14857,['+100000']
14858,"['Q000000', 'Q000000']"
14859,"['Q000000', 'Q000000']"
14860,[1973]
14861,[1973]
14862,"['Q000000', 'Q000000']"
14863,"['Q000000', 'Q000000']"
14864,"['Q000000', 'Q000000']"
14865,"['Q000000', 'Q000000', 'Q000000']"
14866,['Q000000']
14867,"['Q000000', 'Q000000', 'Q000000']"
14868,"['Q000000', 'Q000000']"
14869,[1973]
14870,['Q000000']
14871,"['Q000000', 'Q000000']"
14872,"['Q000000', 'Q000000']"
14873,"['Q000000', 'Q000000', 'Q000000']"
14874,['Q000000']
14875,"['Q000000', 'Q000000']"
14876,"['Q000000', 'Q000000']"
14877,"['Q000000', 'Q000000']"
14878,"['Q000000', 'Q000000', 'Q000000']"
14879,"['Q000000', 'Q000000', 'Q000000']"
14880,[1973]
14881,['Q000000']
14882,[1973]
14883,"['Q000000', 'Q000000']"
14884,['Q000000']
14885,['Q000000']
14886,['Q000000']
14887,[1973]
14888,[1973]
14889,[1973]
14890,"['Q000000', 'Q000000']"
14891,"['Q000000', 'Q000000']"
14892,['Q000000']
14893,['Q000000']
14894,"['Q000000', 'Q000000']"
14895,['Q000000']
14896,['Q000000']
14897,"['Q000000', 'Q000000']"
14898,[1973]
14899,['+100000']
14900,['+100000']
14901,"['Q000000', 'Q000000', 'Q000000']"
14902,"['Q000000', 'Q000000']"
14903,"['Q000000', 'Q000000', 'Q000000']"
14904,[1973]
14905,['Q000000']
14906,"['Q000000', 'Q000000']"
14907,[1973]
14908,"['Q000000', 'Q000000']"
14909,"['Q000000', 'Q000000']"
14910,"['Q000000', 'Q000000']"
14911,['Q000000']
14912,"['Q000000', 'Q000000']"
14913,['Q000000']
14914,['Q000000']
14915,['Q000000']
14916,[1973]
14917,['Q000000']
14918,"['Q000000', 'Q000000']"
14919,['Q000000']
14920,['+100000']
14921,['Q000000']
14922,"['Q000000', 'Q000000']"
14923,[1973]
14924,[1973]
14925,['Q000000']
14926,[1973]
14927,"['Q000000', 'Q000000']"
14928,"['Q000000', 'Q000000']"
14929,['Q000000']
14930,['Q000000']
14931,[1973]
14932,"['Q000000', 'Q000000']"
14933,"['Q000000', 'Q000000']"
14934,[1973]
14935,[1973]
14936,['Q000000']
14937,"['Q000000', 'Q000000', 'Q000000']"
14938,['Q000000']
14939,[1973]
14940,"['Q000000', 'Q000000', 'Q000000']"
14941,['+100000']
14942,['Q000000']
14943,['Q000000']
14944,['Q000000']
14945,['Q000000']
14946,['Q000000']
14947,['+100000']
14948,['Q000000']
14949,['Q000000']
14950,[1973]
14951,"['Q000000', 'Q000000']"
14952,[1973]
14953,['Q000000']
14954,"['Q000000', 'Q000000']"
14955,['Q000000']
14956,['Q000000']
14957,['+100000']
14958,['Q000000']
14959,"['Q000000', 'Q000000']"
14960,"['Q000000', 'Q000000']"
14961,['Q000000']
14962,[1973]
14963,['Q000000']
14964,"['Q000000', 'Q000000', 'Q000000']"
14965,['+100000']
14966,"['Q000000', 'Q000000']"
14967,['+100000']
14968,['Q000000']
14969,"['Q000000', 'Q000000']"
14970,['Q000000']
14971,[1973]
14972,['+100000']
14973,['Q000000']
14974,"['Q000000', 'Q000000', 'Q000000']"
14975,['Q000000']
14976,"['Q000000', 'Q000000']"
14977,"['Q000000', 'Q000000']"
14978,['+100000']
14979,"['Q000000', 'Q000000', 'Q000000']"
14980,['Q000000']
14981,['Q000000']
14982,['Q000000']
14983,['Q000000']
14984,['Q000000']
14985,[1973]
14986,"['Q000000', 'Q000000']"
14987,"['Q000000', 'Q000000']"
14988,['Q000000']
14989,[1973]
14990,[1973]
14991,['Q000000']
14992,[1973]
14993,"['Q000000', 'Q000000']"
14994,['Q000000']
14995,"['Q000000', 'Q000000']"
14996,"['Q000000', 'Q000000']"
14997,['Q000000']
14998,['+100000']
14999,[1973]
15000,"['Q000000', 'Q000000', 'Q000000']"
15001,"['Q000000', 'Q000000']"
15002,"['Q000000', 'Q000000']"
15003,"['Q000000', 'Q000000', 'Q000000']"
15004,"['Q000000', 'Q000000']"
15005,['Q000000']
15006,"['Q000000', 'Q000000']"
15007,[1973]
15008,"['Q000000', 'Q000000']"
15009,['Q000000']
15010,[1973]
15011,['Q000000']
15012,['Q000000']
15013,['Q000000']
15014,['Q000000']
15015,[1973]
15016,"['Q000000', 'Q000000']"
15017,['Q000000']
15018,[1973]
15019,[1973]
15020,[1973]
15021,['Q000000']
15022,"['Q000000', 'Q000000']"
15023,['+100000']
15024,[1973]
15025,['Q000000']
15026,['Q000000']
15027,"['Q000000', 'Q000000']"
15028,['+100000']
15029,"['Q000000', 'Q000000']"
15030,"['Q000000', 'Q000000']"
15031,['Q000000']
15032,"['Q000000', 'Q000000', 'Q000000']"
15033,[1973]
15034,"['Q000000', 'Q000000']"
15035,[1973]
15036,['+100000']
15037,['Q000000']
15038,"['Q000000', 'Q000000']"
15039,['Q000000']
15040,[1973]
15041,"['Q000000', 'Q000000']"
15042,"['Q000000', 'Q000000', 'Q000000']"
15043,[1973]
15044,"['Q000000', 'Q000000']"
15045,['+100000']
15046,"['Q000000', 'Q000000']"
15047,['Q000000']
15048,"['Q000000', 'Q000000', 'Q000000']"
15049,[1973]
15050,['Q000000']
15051,[1973]
15052,['+100000']
15053,['Q000000']
15054,['+100000']
15055,['Q000000']
15056,['Q000000']
15057,['Q000000']
15058,[1973]
15059,"['Q000000', 'Q000000', 'Q000000']"
15060,['Q000000']
15061,"['Q000000', 'Q000000']"
15062,"['Q000000', 'Q000000', 'Q000000']"
15063,['Q000000']
15064,[1973]
15065,[1973]
15066,"['Q000000', 'Q000000']"
15067,['+100000']
15068,"['Q000000', 'Q000000']"
15069,['+100000']
15070,"['Q000000', 'Q000000', 'Q000000']"
15071,"['Q000000', 'Q000000', 'Q000000']"
15072,['Q000000']
15073,[1973]
15074,"['Q000000', 'Q000000']"
15075,['Q000000']
15076,['Q000000']
15077,"['Q000000', 'Q000000']"
15078,"['Q000000', 'Q000000']"
15079,[1973]
15080,[1973]
15081,['Q000000']
15082,[1973]
15083,['Q000000']
15084,[1973]
15085,[1973]
15086,"['Q000000', 'Q000000']"
15087,[1973]
15088,['Q000000']
15089,"['Q000000', 'Q000000']"
15090,[1973]
15091,"['Q000000', 'Q000000']"
15092,"['Q000000', 'Q000000']"
15093,"['Q000000', 'Q000000']"
15094,[1973]
15095,['Q000000']
15096,['Q000000']
15097,[1973]
15098,[1973]
15099,['Q000000']
15100,['Q000000']
15101,['Q000000']
15102,['Q000000']
15103,"['Q000000', 'Q000000']"
15104,[1973]
15105,"['Q000000', 'Q000000', 'Q000000']"
15106,"['Q000000', 'Q000000', 'Q000000']"
15107,"['Q000000', 'Q000000']"
15108,[1973]
15109,"['Q000000', 'Q000000']"
15110,['+100000']
15111,"['Q000000', 'Q000000', 'Q000000']"
15112,['Q000000']
15113,"['Q000000', 'Q000000', 'Q000000']"
15114,['Q000000']
15115,"['Q000000', 'Q000000', 'Q000000']"
15116,['Q000000']
15117,['Q000000']
15118,[1973]
15119,['Q000000']
15120,[1973]
15121,['Q000000']
15122,"['Q000000', 'Q000000', 'Q000000']"
15123,"['Q000000', 'Q000000', 'Q000000']"
15124,"['Q000000', 'Q000000']"
15125,['Q000000']
15126,['Q000000']
15127,['Q000000']
15128,['Q000000']
15129,"['Q000000', 'Q000000', 'Q000000']"
15130,['+100000']
15131,[1973]
15132,[1973]
15133,[1973]
15134,"['Q000000', 'Q000000', 'Q000000']"
15135,['Q000000']
15136,['+100000']
15137,"['Q000000', 'Q000000', 'Q000000']"
15138,"['Q000000', 'Q000000']"
15139,['Q000000']
15140,"['Q000000', 'Q000000']"
15141,"['Q000000', 'Q000000']"
15142,[1973]
15143,"['Q000000', 'Q000000']"
15144,"['Q000000', 'Q000000']"
15145,['+100000']
15146,['Q000000']
15147,"['Q000000', 'Q000000']"
15148,['Q000000']
15149,[1973]
15150,['+100000']
15151,['Q000000']
15152,[1973]
15153,['Q000000']
15154,['+100000']
15155,[1973]
15156,[1973]
15157,['Q000000']
15158,['+100000']
15159,[1973]
15160,['Q000000']
15161,[1973]
15162,['Q000000']
15163,[1973]
15164,['Q000000']
15165,[1973]
15166,"['Q000000', 'Q000000']"
15167,['Q000000']
15168,['Q000000']
15169,['Q000000']
15170,"['Q000000', 'Q000000']"
15171,['Q000000']
15172,"['Q000000', 'Q000000']"
15173,['Q000000']
15174,['Q000000']
15175,[1973]
15176,['Q000000']
15177,['+100000']
15178,[1973]
15179,"['Q000000', 'Q000000', 'Q000000']"
15180,"['Q000000', 'Q000000']"
15181,[1973]
15182,['Q000000']
15183,['Q000000']
15184,['Q000000']
15185,[1973]
15186,['Q000000']
15187,"['Q000000', 'Q000000']"
15188,['+100000']
15189,[1973]
15190,"['Q000000', 'Q000000']"
15191,['Q000000']
15192,[1973]
15193,"['Q000000', 'Q000000']"
15194,['Q000000']
15195,['Q000000']
15196,['+100000']
15197,"['Q000000', 'Q000000', 'Q000000']"
15198,[1973]
15199,[1973]
15200,"['Q000000', 'Q000000']"
15201,"['Q000000', 'Q000000']"
15202,"['Q000000', 'Q000000']"
15203,['Q000000']
15204,"['Q000000', 'Q000000']"
15205,[1973]
15206,"['Q000000', 'Q000000', 'Q000000']"
15207,[1973]
15208,"['Q000000', 'Q000000']"
15209,"['Q000000', 'Q000000', 'Q000000']"
15210,"['Q000000', 'Q000000', 'Q000000']"
15211,"['Q000000', 'Q000000']"
15212,[1973]
15213,['Q000000']
15214,"['Q000000', 'Q000000']"
15215,['Q000000']
15216,"['Q000000', 'Q000000']"
15217,"['Q000000', 'Q000000']"
15218,"['Q000000', 'Q000000', 'Q000000']"
15219,['+100000']
15220,"['Q000000', 'Q000000', 'Q000000']"
15221,[1973]
15222,"['Q000000', 'Q000000']"
15223,"['Q000000', 'Q000000', 'Q000000']"
15224,['Q000000']
15225,['Q000000']
15226,"['Q000000', 'Q000000']"
15227,"['Q000000', 'Q000000']"
15228,['Q000000']
15229,['Q000000']
15230,['Q000000']
15231,['+100000']
15232,['Q000000']
15233,"['Q000000', 'Q000000']"
15234,['Q000000']
15235,"['Q000000', 'Q000000', 'Q000000']"
15236,['Q000000']
15237,['Q000000']
15238,"['Q000000', 'Q000000']"
15239,['Q000000']
15240,['Q000000']
15241,['Q000000']
15242,['Q000000']
15243,['Q000000']
15244,['Q000000']
15245,[1973]
15246,"['Q000000', 'Q000000']"
15247,"['Q000000', 'Q000000']"
15248,['Q000000']
15249,['+100000']
15250,"['Q000000', 'Q000000']"
15251,['Q000000']
15252,"['Q000000', 'Q000000', 'Q000000']"
15253,['Q000000']
15254,['Q000000']
15255,"['Q000000', 'Q000000']"
15256,[1973]
15257,"['Q000000', 'Q000000']"
15258,[1973]
15259,['+100000']
15260,['Q000000']
15261,['Q000000']
15262,"['Q000000', 'Q000000']"
15263,"['Q000000', 'Q000000']"
15264,"['Q000000', 'Q000000']"
15265,['+100000']
15266,[1973]
15267,"['Q000000', 'Q000000', 'Q000000']"
15268,['Q000000']
15269,[1973]
15270,['+100000']
15271,[1973]
15272,['Q000000']
15273,"['Q000000', 'Q000000', 'Q000000']"
15274,['Q000000']
15275,['Q000000']
15276,['Q000000']
15277,"['Q000000', 'Q000000', 'Q000000']"
15278,"['Q000000', 'Q000000', 'Q000000']"
15279,['Q000000']
15280,"['Q000000', 'Q000000']"
15281,"['Q000000', 'Q000000']"
15282,"['Q000000', 'Q000000']"
15283,['Q000000']
15284,"['Q000000', 'Q000000']"
15285,[1973]
15286,['Q000000']
15287,['Q000000']
15288,"['Q000000', 'Q000000']"
15289,['+100000']
15290,"['Q000000', 'Q000000', 'Q000000']"
15291,"['Q000000', 'Q000000', 'Q000000']"
15292,"['Q000000', 'Q000000']"
15293,"['Q000000', 'Q000000']"
15294,['Q000000']
15295,"['Q000000', 'Q000000', 'Q000000']"
15296,['+100000']
15297,"['Q000000', 'Q000000', 'Q000000']"
15298,[1973]
15299,[1973]
15300,['Q000000']
15301,['+100000']
15302,['Q000000']
15303,"['Q000000', 'Q000000']"
15304,['Q000000']
15305,['Q000000']
15306,"['Q000000', 'Q000000']"
15307,['Q000000']
15308,"['Q000000', 'Q000000']"
15309,"['Q000000', 'Q000000']"
15310,['Q000000']
15311,['Q000000']
15312,"['Q000000', 'Q000000']"
15313,['Q000000']
15314,[1973]
15315,"['Q000000', 'Q000000', 'Q000000']"
15316,[1973]
15317,"['Q000000', 'Q000000', 'Q000000']"
15318,"['Q000000', 'Q000000']"
15319,"['Q000000', 'Q000000', 'Q000000']"
15320,['Q000000']
15321,['Q000000']
15322,[1973]
15323,"['Q000000', 'Q000000']"
15324,[1973]
15325,[1973]
15326,[1973]
15327,['+100000']
15328,"['Q000000', 'Q000000']"
15329,['Q000000']
15330,"['Q000000', 'Q000000']"
15331,"['Q000000', 'Q000000']"
15332,"['Q000000', 'Q000000', 'Q000000']"
15333,[1973]
15334,"['Q000000', 'Q000000', 'Q000000']"
15335,"['Q000000', 'Q000000']"
15336,['Q000000']
15337,"['Q000000', 'Q000000']"
15338,['Q000000']
15339,[1973]
15340,['Q000000']
15341,['Q000000']
15342,['Q000000']
15343,"['Q000000', 'Q000000', 'Q000000']"
15344,"['Q000000', 'Q000000', 'Q000000']"
15345,['Q000000']
15346,['Q000000']
15347,"['Q000000', 'Q000000']"
15348,['Q000000']
15349,"['Q000000', 'Q000000', 'Q000000']"
15350,"['Q000000', 'Q000000', 'Q000000']"
15351,"['Q000000', 'Q000000']"
15352,['Q000000']
15353,['+100000']
15354,"['Q000000', 'Q000000']"
15355,"['Q000000', 'Q000000', 'Q000000']"
15356,['Q000000']
15357,"['Q000000', 'Q000000']"
15358,['Q000000']
15359,"['Q000000', 'Q000000']"
15360,['+100000']
15361,"['Q000000', 'Q000000']"
15362,['Q000000']
15363,['Q000000']
15364,"['Q000000', 'Q000000']"
15365,['Q000000']
15366,['Q000000']
15367,[1973]
15368,"['Q000000', 'Q000000']"
15369,['Q000000']
15370,['+100000']
15371,['Q000000']
15372,['+100000']
15373,['Q000000']
15374,[1973]
15375,"['Q000000', 'Q000000', 'Q000000']"
15376,[1973]
15377,['+100000']
15378,['Q000000']
15379,['+100000']
15380,"['Q000000', 'Q000000']"
15381,"['Q000000', 'Q000000']"
15382,['Q000000']
15383,"['Q000000', 'Q000000']"
15384,['Q000000']
15385,"['Q000000', 'Q000000']"
15386,"['Q000000', 'Q000000']"
15387,[1973]
15388,[1973]
15389,"['Q000000', 'Q000000']"
15390,['Q000000']
15391,['Q000000']
15392,['Q000000']
15393,['Q000000']
15394,['Q000000']
15395,['Q000000']
15396,['+100000']
15397,"['Q000000', 'Q000000']"
15398,['Q000000']
15399,"['Q000000', 'Q000000']"
15400,['Q000000']
15401,"['Q000000', 'Q000000']"
15402,"['Q000000', 'Q000000', 'Q000000']"
15403,"['Q000000', 'Q000000']"
15404,"['Q000000', 'Q000000']"
15405,['+100000']
15406,[1973]
15407,"['Q000000', 'Q000000', 'Q000000']"
15408,"['Q000000', 'Q000000']"
15409,"['Q000000', 'Q000000', 'Q000000']"
15410,['Q000000']
15411,"['Q000000', 'Q000000']"
15412,['Q000000']
15413,"['Q000000', 'Q000000']"
15414,"['Q000000', 'Q000000']"
15415,['Q000000']
15416,['+100000']
15417,['+100000']
15418,[1973]
15419,"['Q000000', 'Q000000']"
15420,[1973]
15421,['Q000000']
15422,[1973]
15423,['Q000000']
15424,[1973]
15425,['Q000000']
15426,[1973]
15427,['+100000']
15428,['Q000000']
15429,"['Q000000', 'Q000000']"
15430,['+100000']
15431,"['Q000000', 'Q000000']"
15432,[1973]
15433,"['Q000000', 'Q000000']"
15434,"['Q000000', 'Q000000']"
15435,['Q000000']
15436,['Q000000']
15437,[1973]
15438,"['Q000000', 'Q000000']"
15439,"['Q000000', 'Q000000']"
15440,"['Q000000', 'Q000000']"
15441,"['Q000000', 'Q000000']"
15442,[1973]
15443,['+100000']
15444,"['Q000000', 'Q000000']"
15445,[1973]
15446,[1973]
15447,"['Q000000', 'Q000000']"
15448,['+100000']
15449,['Q000000']
15450,['Q000000']
15451,[1973]
15452,"['Q000000', 'Q000000']"
15453,[1973]
15454,[1973]
15455,['Q000000']
15456,[1973]
15457,"['Q000000', 'Q000000']"
15458,"['Q000000', 'Q000000']"
15459,"['Q000000', 'Q000000', 'Q000000']"
15460,['+100000']
15461,['Q000000']
15462,"['Q000000', 'Q000000']"
15463,"['Q000000', 'Q000000', 'Q000000']"
15464,[1973]
15465,"['Q000000', 'Q000000', 'Q000000']"
15466,['Q000000']
15467,['Q000000']
15468,"['Q000000', 'Q000000']"
15469,[1973]
15470,['Q000000']
15471,['Q000000']
15472,['+100000']
15473,['Q000000']
15474,['+100000']
15475,"['Q000000', 'Q000000', 'Q000000']"
15476,[1973]
15477,['Q000000']
15478,['Q000000']
15479,[1973]
15480,[1973]
15481,[1973]
15482,['Q000000']
15483,[1973]
15484,[1973]
15485,"['Q000000', 'Q000000', 'Q000000']"
15486,[1973]
15487,[1973]
15488,"['Q000000', 'Q000000', 'Q000000']"
15489,['Q000000']
15490,"['Q000000', 'Q000000']"
15491,['Q000000']
15492,"['Q000000', 'Q000000']"
15493,"['Q000000', 'Q000000']"
15494,['Q000000']
15495,['Q000000']
15496,['Q000000']
15497,[1973]
15498,['+100000']
15499,['Q000000']
15500,['+100000']
15501,"['Q000000', 'Q000000']"
15502,['Q000000']
15503,['Q000000']
15504,"['Q000000', 'Q000000']"
15505,[1973]
15506,[1973]
15507,['Q000000']
15508,['Q000000']
15509,"['Q000000', 'Q000000']"
15510,['Q000000']
15511,['Q000000']
15512,['Q000000']
15513,[1973]
15514,['+100000']
15515,"['Q000000', 'Q000000']"
15516,['+100000']
15517,['Q000000']
15518,"['Q000000', 'Q000000']"
15519,['Q000000']
15520,"['Q000000', 'Q000000', 'Q000000']"
15521,['+100000']
15522,"['Q000000', 'Q000000', 'Q000000']"
15523,"['Q000000', 'Q000000']"
15524,"['Q000000', 'Q000000', 'Q000000']"
15525,['Q000000']
15526,[1973]
15527,"['Q000000', 'Q000000']"
15528,"['Q000000', 'Q000000']"
15529,"['Q000000', 'Q000000']"
15530,"['Q000000', 'Q000000', 'Q000000']"
15531,['Q000000']
15532,"['Q000000', 'Q000000', 'Q000000']"
15533,['Q000000']
15534,[1973]
15535,[1973]
15536,[1973]
15537,"['Q000000', 'Q000000']"
15538,"['Q000000', 'Q000000']"
15539,['Q000000']
15540,[1973]
15541,['Q000000']
15542,"['Q000000', 'Q000000']"
15543,['Q000000']
15544,['Q000000']
15545,"['Q000000', 'Q000000', 'Q000000']"
15546,['Q000000']
15547,[1973]
15548,['Q000000']
15549,['Q000000']
15550,"['Q000000', 'Q000000']"
15551,['Q000000']
15552,['Q000000']
15553,[1973]
15554,['Q000000']
15555,[1973]
15556,['Q000000']
15557,['Q000000']
15558,[1973]
15559,['Q000000']
15560,['Q000000']
15561,"['Q000000', 'Q000000']"
15562,['Q000000']
15563,[1973]
15564,['Q000000']
15565,[1973]
15566,[1973]
15567,"['Q000000', 'Q000000']"
15568,['+100000']
15569,"['Q000000', 'Q000000']"
15570,['+100000']
15571,['Q000000']
15572,"['Q000000', 'Q000000', 'Q000000']"
15573,"['Q000000', 'Q000000']"
15574,"['Q000000', 'Q000000']"
15575,"['Q000000', 'Q000000', 'Q000000']"
15576,[1973]
15577,['Q000000']
15578,['Q000000']
15579,[1973]
15580,"['Q000000', 'Q000000', 'Q000000']"
15581,['+100000']
15582,[1973]
15583,['+100000']
15584,[1973]
15585,['Q000000']
15586,['Q000000']
15587,[1973]
15588,"['Q000000', 'Q000000', 'Q000000']"
15589,['Q000000']
15590,"['Q000000', 'Q000000']"
15591,['+100000']
15592,"['Q000000', 'Q000000']"
15593,"['Q000000', 'Q000000']"
15594,"['Q000000', 'Q000000']"
15595,['Q000000']
15596,"['Q000000', 'Q000000']"
15597,"['Q000000', 'Q000000']"
15598,['Q000000']
15599,[1973]
15600,"['Q000000', 'Q000000']"
15601,[1973]
15602,[1973]
15603,['Q000000']
15604,"['Q000000', 'Q000000', 'Q000000']"
15605,"['Q000000', 'Q000000']"
15606,[1973]
15607,['Q000000']
15608,"['Q000000', 'Q000000', 'Q000000']"
15609,"['Q000000', 'Q000000', 'Q000000']"
15610,['Q000000']
15611,['Q000000']
15612,"['Q000000', 'Q000000', 'Q000000']"
15613,[1973]
15614,['Q000000']
15615,"['Q000000', 'Q000000', 'Q000000']"
15616,"['Q000000', 'Q000000']"
15617,[1973]
15618,['Q000000']
15619,[1973]
15620,['Q000000']
15621,"['Q000000', 'Q000000']"
15622,['Q000000']
15623,['Q000000']
15624,"['Q000000', 'Q000000']"
15625,['Q000000']
15626,[1973]
15627,['Q000000']
15628,"['Q000000', 'Q000000']"
15629,['Q000000']
15630,['Q000000']
15631,['Q000000']
15632,"['Q000000', 'Q000000']"
15633,"['Q000000', 'Q000000']"
15634,"['Q000000', 'Q000000']"
15635,"['Q000000', 'Q000000']"
15636,"['Q000000', 'Q000000']"
15637,['Q000000']
15638,"['Q000000', 'Q000000']"
15639,['+100000']
15640,"['Q000000', 'Q000000']"
15641,"['Q000000', 'Q000000', 'Q000000']"
15642,['Q000000']
15643,[1973]
15644,[1973]
15645,"['Q000000', 'Q000000']"
15646,['+100000']
15647,['Q000000']
15648,['Q000000']
15649,[1973]
15650,[1973]
15651,['Q000000']
15652,['Q000000']
15653,['Q000000']
15654,['Q000000']
15655,[1973]
15656,"['Q000000', 'Q000000']"
15657,['Q000000']
15658,"['Q000000', 'Q000000']"
15659,['Q000000']
15660,['Q000000']
15661,"['Q000000', 'Q000000', 'Q000000']"
15662,['+100000']
15663,[1973]
15664,['Q000000']
15665,[1973]
15666,[1973]
15667,[1973]
15668,"['Q000000', 'Q000000']"
15669,"['Q000000', 'Q000000']"
15670,['Q000000']
15671,['Q000000']
15672,['Q000000']
15673,['Q000000']
15674,"['Q000000', 'Q000000']"
15675,[1973]
15676,"['Q000000', 'Q000000']"
15677,['Q000000']
15678,['+100000']
15679,['+100000']
15680,[1973]
15681,['+100000']
15682,"['Q000000', 'Q000000']"
15683,['+100000']
15684,['Q000000']
15685,"['Q000000', 'Q000000']"
15686,['Q000000']
15687,['Q000000']
15688,['Q000000']
15689,"['Q000000', 'Q000000', 'Q000000']"
15690,[1973]
15691,"['Q000000', 'Q000000']"
15692,['Q000000']
15693,[1973]
15694,"['Q000000', 'Q000000', 'Q000000']"
15695,"['Q000000', 'Q000000']"
15696,"['Q000000', 'Q000000', 'Q000000']"
15697,['Q000000']
15698,['Q000000']
15699,['+100000']
15700,['Q000000']
15701,"['Q000000', 'Q000000']"
15702,[1973]
15703,[1973]
15704,['Q000000']
15705,['Q000000']
15706,['Q000000']
15707,"['Q000000', 'Q000000', 'Q000000']"
15708,"['Q000000', 'Q000000']"
15709,['Q000000']
15710,['+100000']
15711,"['Q000000', 'Q000000']"
15712,['Q000000']
15713,"['Q000000', 'Q000000']"
15714,"['Q000000', 'Q000000', 'Q000000']"
15715,['Q000000']
15716,['Q000000']
15717,[1973]
15718,"['Q000000', 'Q000000']"
15719,"['Q000000', 'Q000000']"
15720,"['Q000000', 'Q000000']"
15721,['Q000000']
15722,['Q000000']
15723,"['Q000000', 'Q000000']"
15724,['Q000000']
15725,['Q000000']
15726,[1973]
15727,['+100000']
15728,[1973]
15729,[1973]
15730,['Q000000']
15731,['+100000']
15732,['Q000000']
15733,['+100000']
15734,['+100000']
15735,[1973]
15736,['+100000']
15737,"['Q000000', 'Q000000']"
15738,['Q000000']
15739,"['Q000000', 'Q000000']"
15740,"['Q000000', 'Q000000']"
15741,['Q000000']
15742,"['Q000000', 'Q000000', 'Q000000']"
15743,['+100000']
15744,['Q000000']
15745,[1973]
15746,['+100000']
15747,['+100000']
15748,['+100000']
15749,"['Q000000', 'Q000000']"
15750,['+100000']
15751,[1973]
15752,['Q000000']
15753,"['Q000000', 'Q000000']"
15754,[1973]
15755,['Q000000']
15756,"['Q000000', 'Q000000', 'Q000000']"
15757,"['Q000000', 'Q000000', 'Q000000']"
15758,['Q000000']
15759,"['Q000000', 'Q000000']"
15760,[1973]
15761,"['Q000000', 'Q000000']"
15762,['Q000000']
15763,['Q000000']
15764,"['Q000000', 'Q000000']"
15765,['+100000']
15766,['Q000000']
15767,"['Q000000', 'Q000000', 'Q000000']"
15768,['Q000000']
15769,['Q000000']
15770,[1973]
15771,[1973]
15772,['Q000000']
15773,"['Q000000', 'Q000000']"
15774,['Q000000']
15775,"['Q000000', 'Q000000']"
15776,"['Q000000', 'Q000000', 'Q000000']"
15777,['Q000000']
15778,['Q000000']
15779,"['Q000000', 'Q000000']"
15780,['+100000']
15781,['+100000']
15782,['Q000000']
15783,[1973]
15784,"['Q000000', 'Q000000']"
15785,"['Q000000', 'Q000000']"
15786,[1973]
15787,['+100000']
15788,['+100000']
15789,"['Q000000', 'Q000000']"
15790,"['Q000000', 'Q000000']"
15791,[1973]
15792,['Q000000']
15793,"['Q000000', 'Q000000']"
15794,"['Q000000', 'Q000000']"
15795,"['Q000000', 'Q000000', 'Q000000']"
15796,['Q000000']
15797,['Q000000']
15798,['+100000']
15799,['Q000000']
15800,"['Q000000', 'Q000000']"
15801,['Q000000']
15802,['Q000000']
15803,['Q000000']
15804,['Q000000']
15805,[1973]
15806,['Q000000']
15807,['+100000']
15808,"['Q000000', 'Q000000']"
15809,"['Q000000', 'Q000000']"
15810,"['Q000000', 'Q000000']"
15811,"['Q000000', 'Q000000']"
15812,[1973]
15813,['Q000000']
15814,"['Q000000', 'Q000000']"
15815,[1973]
15816,['+100000']
15817,[1973]
15818,"['Q000000', 'Q000000']"
15819,[1973]
15820,"['Q000000', 'Q000000']"
15821,"['Q000000', 'Q000000']"
15822,['Q000000']
15823,"['Q000000', 'Q000000']"
15824,['Q000000']
15825,['Q000000']
15826,[1973]
15827,['Q000000']
15828,['Q000000']
15829,['Q000000']
15830,['+100000']
15831,"['Q000000', 'Q000000']"
15832,"['Q000000', 'Q000000']"
15833,[1973]
15834,[1973]
15835,['Q000000']
15836,"['Q000000', 'Q000000', 'Q000000']"
15837,[1973]
15838,"['Q000000', 'Q000000', 'Q000000']"
15839,['Q000000']
15840,[1973]
15841,"['Q000000', 'Q000000']"
15842,['Q000000']
15843,"['Q000000', 'Q000000']"
15844,['Q000000']
15845,['Q000000']
15846,[1973]
15847,['Q000000']
15848,"['Q000000', 'Q000000']"
15849,"['Q000000', 'Q000000']"
15850,['Q000000']
15851,['+100000']
15852,['Q000000']
15853,['Q000000']
15854,['Q000000']
15855,['Q000000']
15856,['Q000000']
15857,[1973]
15858,['+100000']
15859,['Q000000']
15860,"['Q000000', 'Q000000', 'Q000000']"
15861,[1973]
15862,[1973]
15863,"['Q000000', 'Q000000']"
15864,['Q000000']
15865,['Q000000']
15866,[1973]
15867,[1973]
15868,['Q000000']
15869,"['Q000000', 'Q000000']"
15870,['+100000']
15871,[1973]
15872,['+100000']
15873,[1973]
15874,"['Q000000', 'Q000000']"
15875,"['Q000000', 'Q000000']"
15876,"['Q000000', 'Q000000', 'Q000000']"
15877,['Q000000']
15878,"['Q000000', 'Q000000']"
15879,[1973]
15880,['Q000000']
15881,[1973]
15882,"['Q000000', 'Q000000']"
15883,['+100000']
15884,['Q000000']
15885,['Q000000']
15886,"['Q000000', 'Q000000', 'Q000000']"
15887,['Q000000']
15888,[1973]
15889,[1973]
15890,['Q000000']
15891,"['Q000000', 'Q000000']"
15892,"['Q000000', 'Q000000']"
15893,"['Q000000', 'Q000000']"
15894,['+100000']
15895,[1973]
15896,"['Q000000', 'Q000000', 'Q000000']"
15897,[1973]
15898,"['Q000000', 'Q000000']"
15899,['+100000']
15900,"['Q000000', 'Q000000', 'Q000000']"
15901,[1973]
15902,[1973]
15903,['Q000000']
15904,[1973]
15905,['Q000000']
15906,['Q000000']
15907,['Q000000']
15908,['+100000']
15909,[1973]
15910,[1973]
15911,[1973]
15912,"['Q000000', 'Q000000']"
15913,['+100000']
15914,"['Q000000', 'Q000000']"
15915,"['Q000000', 'Q000000']"
15916,['Q000000']
15917,[1973]
15918,[1973]
15919,"['Q000000', 'Q000000']"
15920,['Q000000']
15921,[1973]
15922,['Q000000']
15923,[1973]
15924,['+100000']
15925,"['Q000000', 'Q000000']"
15926,['Q000000']
15927,[1973]
15928,[1973]
15929,"['Q000000', 'Q000000']"
15930,['+100000']
15931,['Q000000']
15932,"['Q000000', 'Q000000']"
15933,[1973]
15934,[1973]
15935,['Q000000']
15936,[1973]
15937,"['Q000000', 'Q000000']"
15938,"['Q000000', 'Q000000']"
15939,['Q000000']
15940,[1973]
15941,['Q000000']
15942,['Q000000']
15943,['Q000000']
15944,[1973]
15945,"['Q000000', 'Q000000', 'Q000000']"
15946,[1973]
15947,['Q000000']
15948,"['Q000000', 'Q000000', 'Q000000']"
15949,"['Q000000', 'Q000000']"
15950,[1973]
15951,['+100000']
15952,['Q000000']
15953,"['Q000000', 'Q000000', 'Q000000']"
15954,['Q000000']
15955,"['Q000000', 'Q000000']"
15956,['Q000000']
15957,['Q000000']
15958,"['Q000000', 'Q000000']"
15959,"['Q000000', 'Q000000', 'Q000000']"
15960,['Q000000']
15961,[1973]
15962,"['Q000000', 'Q000000']"
15963,['Q000000']
15964,[1973]
15965,['Q000000']
15966,"['Q000000', 'Q000000']"
15967,"['Q000000', 'Q000000', 'Q000000']"
15968,['Q000000']
15969,['Q000000']
15970,"['Q000000', 'Q000000']"
15971,['+100000']
15972,"['Q000000', 'Q000000', 'Q000000']"
15973,"['Q000000', 'Q000000', 'Q000000']"
15974,"['Q000000', 'Q000000', 'Q000000']"
15975,['Q000000']
15976,"['Q000000', 'Q000000']"
15977,[1973]
15978,['Q000000']
15979,['Q000000']
15980,['Q000000']
15981,"['Q000000', 'Q000000']"
15982,['+100000']
15983,['Q000000']
15984,"['Q000000', 'Q000000']"
15985,['Q000000']
15986,['+100000']
15987,['Q000000']
15988,"['Q000000', 'Q000000']"
15989,[1973]
15990,[1973]
15991,"['Q000000', 'Q000000']"
15992,['Q000000']
15993,"['Q000000', 'Q000000']"
15994,['Q000000']
15995,['Q000000']
15996,"['Q000000', 'Q000000']"
15997,['Q000000']
15998,['Q000000']
15999,"['Q000000', 'Q000000', 'Q000000']"
16000,['+100000']
16001,"['Q000000', 'Q000000', 'Q000000']"
16002,['Q000000']
16003,['Q000000']
16004,['+100000']
16005,['Q000000']
16006,['Q000000']
16007,"['Q000000', 'Q000000']"
16008,"['Q000000', 'Q000000', 'Q000000']"
16009,"['Q000000', 'Q000000', 'Q000000']"
16010,['Q000000']
16011,['Q000000']
16012,['+100000']
16013,['Q000000']
16014,"['Q000000', 'Q000000', 'Q000000']"
16015,[1973]
16016,"['Q000000', 'Q000000', 'Q000000']"
16017,['Q000000']
16018,['Q000000']
16019,"['Q000000', 'Q000000']"
16020,[1973]
16021,['+100000']
16022,['Q000000']
16023,['Q000000']
16024,['+100000']
16025,[1973]
16026,[1973]
16027,['Q000000']
16028,"['Q000000', 'Q000000']"
16029,[1973]
16030,"['Q000000', 'Q000000', 'Q000000']"
16031,"['Q000000', 'Q000000']"
16032,['Q000000']
16033,"['Q000000', 'Q000000']"
16034,['Q000000']
16035,"['Q000000', 'Q000000']"
16036,['+100000']
16037,"['Q000000', 'Q000000']"
16038,[1973]
16039,['Q000000']
16040,"['Q000000', 'Q000000', 'Q000000']"
16041,['+100000']
16042,['Q000000']
16043,['Q000000']
16044,"['Q000000', 'Q000000']"
16045,['Q000000']
16046,[1973]
16047,['+100000']
16048,"['Q000000', 'Q000000']"
16049,['Q000000']
16050,"['Q000000', 'Q000000']"
16051,[1973]
16052,['Q000000']
16053,"['Q000000', 'Q000000']"
16054,"['Q000000', 'Q000000', 'Q000000']"
16055,"['Q000000', 'Q000000', 'Q000000']"
16056,['Q000000']
16057,[1973]
16058,['Q000000']
16059,['Q000000']
16060,[1973]
16061,[1973]
16062,['Q000000']
16063,['Q000000']
16064,['Q000000']
16065,['Q000000']
16066,['Q000000']
16067,['Q000000']
16068,"['Q000000', 'Q000000']"
16069,[1973]
16070,"['Q000000', 'Q000000', 'Q000000']"
16071,"['Q000000', 'Q000000', 'Q000000']"
16072,['Q000000']
16073,['+100000']
16074,[1973]
16075,[1973]
16076,[1973]
16077,['+100000']
16078,"['Q000000', 'Q000000']"
16079,['Q000000']
16080,"['Q000000', 'Q000000', 'Q000000']"
16081,[1973]
16082,[1973]
16083,"['Q000000', 'Q000000']"
16084,['Q000000']
16085,"['Q000000', 'Q000000']"
16086,['+100000']
16087,"['Q000000', 'Q000000']"
16088,"['Q000000', 'Q000000']"
16089,['Q000000']
16090,"['Q000000', 'Q000000']"
16091,[1973]
16092,"['Q000000', 'Q000000', 'Q000000']"
16093,[1973]
16094,"['Q000000', 'Q000000']"
16095,"['Q000000', 'Q000000', 'Q000000']"
16096,['Q000000']
16097,[1973]
16098,"['Q000000', 'Q000000']"
16099,"['Q000000', 'Q000000']"
16100,"['Q000000', 'Q000000', 'Q000000']"
16101,['+100000']
16102,['Q000000']
16103,[1973]
16104,['Q000000']
16105,"['Q000000', 'Q000000']"
16106,['Q000000']
16107,['Q000000']
16108,"['Q000000', 'Q000000']"
16109,['Q000000']
16110,"['Q000000', 'Q000000']"
16111,['+100000']
16112,['Q000000']
16113,[1973]
16114,"['Q000000', 'Q000000']"
16115,"['Q000000', 'Q000000', 'Q000000']"
16116,['Q000000']
16117,['Q000000']
16118,['Q000000']
16119,['Q000000']
16120,['Q000000']
16121,"['Q000000', 'Q000000', 'Q000000']"
16122,[1973]
16123,[1973]
16124,"['Q000000', 'Q000000', 'Q000000']"
16125,['Q000000']
16126,['Q000000']
16127,['Q000000']
16128,['Q000000']
16129,"['Q000000', 'Q000000']"
16130,"['Q000000', 'Q000000']"
16131,"['Q000000', 'Q000000']"
16132,"['Q000000', 'Q000000']"
16133,[1973]
16134,[1973]
16135,['Q000000']
16136,['+100000']
16137,['+100000']
16138,['Q000000']
16139,"['Q000000', 'Q000000']"
16140,"['Q000000', 'Q000000']"
16141,['+100000']
16142,[1973]
16143,['Q000000']
16144,"['Q000000', 'Q000000']"
16145,"['Q000000', 'Q000000']"
16146,"['Q000000', 'Q000000']"
16147,['Q000000']
16148,[1973]
16149,"['Q000000', 'Q000000', 'Q000000']"
16150,[1973]
16151,[1973]
16152,[1973]
16153,"['Q000000', 'Q000000']"
16154,"['Q000000', 'Q000000', 'Q000000']"
16155,['Q000000']
16156,"['Q000000', 'Q000000', 'Q000000']"
16157,['Q000000']
16158,"['Q000000', 'Q000000', 'Q000000']"
16159,['Q000000']
16160,['Q000000']
16161,['Q000000']
16162,['Q000000']
16163,[1973]
16164,[1973]
16165,"['Q000000', 'Q000000']"
16166,['Q000000']
16167,['Q000000']
16168,['Q000000']
16169,['Q000000']
16170,[1973]
16171,['Q000000']
16172,"['Q000000', 'Q000000']"
16173,['Q000000']
16174,['Q000000']
16175,"['Q000000', 'Q000000']"
16176,"['Q000000', 'Q000000', 'Q000000']"
16177,['Q000000']
16178,['Q000000']
16179,"['Q000000', 'Q000000']"
16180,['Q000000']
16181,['Q000000']
